LAT, LON, Pop 
48.21496493, 14.32226408, 78
48.30799994, 14.24652939, 25
48.3079482, 14.24787506, 1
48.30299182, 14.25960674, 2
48.30388982, 14.25968258, 4
48.30699844, 14.24914506, 2
48.30789644, 14.24922072, 16
48.30694667, 14.2504907, 79
48.30784467, 14.25056639, 23
48.30589325, 14.25445186, 77
48.30689488, 14.25183634, 146
48.30684308, 14.25318198, 2
48.30779288, 14.25191205, 44
48.30774108, 14.25325771, 20
48.30679126, 14.25452761, 140
48.30768926, 14.25460337, 70
48.30578957, 14.25714307, 8
48.30763742, 14.25594903, 96
48.30668757, 14.25721887, 91
48.30758556, 14.25729468, 136
48.3048397, 14.25841285, 114
48.3057377, 14.25848867, 171
48.30478782, 14.25975842, 7
48.3066357, 14.2585645, 29
48.30753369, 14.25864033, 150
48.31202367, 14.25901953, 6
48.31197178, 14.2603653, 98
48.31851707, 14.2541668, 40
48.3157194, 14.25663123, 26
48.31476954, 14.25790126, 183
48.31566753, 14.25797709, 21
48.31292167, 14.25909538, 8
48.31381966, 14.25917124, 30
48.31286978, 14.26044117, 2
48.31376777, 14.26051705, 27
48.31471766, 14.2592471, 71
48.31561565, 14.25932296, 35
48.31466576, 14.26059293, 80
48.31556376, 14.26066882, 3
48.31661739, 14.25670704, 51
48.31751539, 14.25678286, 16
48.31656553, 14.25805293, 3
48.31746352, 14.25812878, 142
48.31841338, 14.25685869, 30
48.31931137, 14.25693451, 58
48.32020937, 14.25701034, 112
48.31836151, 14.25820463, 56
48.3201575, 14.25835633, 82
48.31651365, 14.25939882, 124
48.31646175, 14.26074471, 22
48.31735974, 14.2608206, 105
48.32475119, 14.25604344, 288
48.32110736, 14.25708618, 13
48.32105549, 14.25843219, 73
48.32195348, 14.25850805, 4
48.32380134, 14.2573137, 6
48.32374947, 14.25865978, 17
48.3219016, 14.25985408, 31
48.32279959, 14.25992997, 6
48.32369758, 14.26000586, 4
48.32274768, 14.26127602, 65
48.32364567, 14.26135194, 91
48.32469933, 14.25738955, 53
48.32464746, 14.25873566, 62
48.3273933, 14.25761711, 5
48.32644344, 14.25888741, 17
48.32734142, 14.25896329, 22
48.32459556, 14.26008176, 13
48.32549355, 14.26015766, 20
48.32639154, 14.26023356, 83
48.32728953, 14.26030947, 141
48.32723762, 14.26165564, 9
48.33108897, 14.25522803, 176
48.33013913, 14.25649846, 70
48.33288495, 14.25537969, 47
48.32829129, 14.25769298, 66
48.32918928, 14.25776884, 105
48.32823941, 14.25903918, 145
48.32818752, 14.26038538, 25
48.32908551, 14.26046129, 19
48.33542331, 14.25964638, 40
48.33352352, 14.26218724, 35
48.33447342, 14.26091684, 57
48.3344215, 14.2622632, 116
48.33732304, 14.25710534, 44
48.33822103, 14.25718121, 5
48.33637318, 14.25837588, 61
48.33727117, 14.25845178, 188
48.33632129, 14.2597223, 3
48.33980939, 14.26271901, 15
48.34070737, 14.262795, 8
48.24689999, 14.26566365, 120
48.247798, 14.26573946, 2
48.24774604, 14.26708352, 65
48.24494802, 14.26954396, 1
48.243998, 14.27081204, 55
48.24589803, 14.26827584, 13
48.24859207, 14.26850344, 71
48.24753802, 14.27245971, 50
48.24199378, 14.27603583, 129
48.24104368, 14.27730371, 10
48.24194169, 14.27737973, 5
48.24468781, 14.27626382, 97
48.24463572, 14.27760778, 93
48.24838398, 14.27387972, 7
48.24558582, 14.27633982, 142
48.24648382, 14.27641583, 15
48.24738183, 14.27649183, 73
48.24827984, 14.27656785, 7
48.24732974, 14.27783587, 52
48.24822774, 14.2779119, 148
48.23117576, 14.29938513, 4
48.23112339, 14.30072871, 62
48.23824543, 14.27976329, 6
48.23919556, 14.27849552, 4
48.23914344, 14.27983934, 73
48.24009357, 14.27857155, 109
48.24004145, 14.27991539, 27
48.23909131, 14.28118315, 144
48.23998932, 14.28125923, 72
48.23903916, 14.28252696, 2
48.23993716, 14.28260306, 31
48.23978061, 14.28663455, 150
48.23972839, 14.28797837, 22
48.24099158, 14.27864758, 9
48.24093946, 14.27999144, 9
48.24188959, 14.27872362, 31
48.24088732, 14.2813353, 33
48.24178533, 14.28141139, 10
48.24458361, 14.27895174, 223
48.24363348, 14.28021963, 76
48.24453148, 14.2802957, 57
48.24268333, 14.28148747, 3
48.24358134, 14.28156356, 214
48.24447934, 14.28163966, 161
48.24263118, 14.28283138, 17
48.24352918, 14.28290749, 266
48.24442719, 14.28298361, 7
48.24347701, 14.28425142, 16
48.24437501, 14.28432756, 61
48.24548161, 14.27902779, 53
48.24542949, 14.28037177, 7
48.24637962, 14.27910385, 9
48.24632749, 14.28044785, 5
48.24537735, 14.28171575, 82
48.24627535, 14.28179185, 33
48.24727763, 14.2791799, 33
48.2472255, 14.28052393, 63
48.24817563, 14.27925596, 105
48.2481235, 14.28060001, 27
48.24807136, 14.28194407, 37
48.24532519, 14.28305973, 186
48.24622319, 14.28313586, 91
48.24527301, 14.28440371, 36
48.24617102, 14.28447985, 63
48.2480192, 14.28328811, 3
48.24706902, 14.28455601, 115
48.24796702, 14.28463216, 89
48.24342482, 14.28559535, 3
48.24432282, 14.28567151, 72
48.24247462, 14.28686308, 17
48.24427062, 14.28701546, 26
48.24062639, 14.28805457, 6
48.2415244, 14.28813077, 37
48.24147216, 14.28947464, 86
48.24421839, 14.2883594, 28
48.24522082, 14.28574768, 103
48.24611882, 14.28582385, 29
48.24606662, 14.28716784, 174
48.24701683, 14.28590002, 29
48.24791482, 14.2859762, 254
48.24786261, 14.28732024, 1
48.24601439, 14.28851183, 3
48.24596215, 14.28985582, 35
48.24686015, 14.28993207, 13
48.24775815, 14.29000832, 33
48.24316363, 14.29231493, 159
48.24216105, 14.29492642, 89
48.24590989, 14.29119981, 1
48.24680789, 14.29127608, 35
48.24770589, 14.29135235, 38
48.24675562, 14.29262009, 216
48.24765361, 14.29269638, 87
48.24670332, 14.29396409, 19
48.24760132, 14.29404041, 53
48.24659869, 14.29665209, 21
48.24754901, 14.29538444, 2
48.24739199, 14.2994165, 2
48.24459326, 14.30187515, 8
48.24549125, 14.3019516, 20
48.24733961, 14.30076051, 35
48.24638924, 14.30202806, 88
48.24728722, 14.30210453, 195
48.24943809, 14.26992341, 58
48.24938607, 14.27126751, 126
48.24928199, 14.27395569, 32
48.24917785, 14.27664386, 70
48.25007585, 14.27671988, 12
48.24912575, 14.27798794, 59
48.25002375, 14.27806399, 129
48.25187186, 14.27687193, 104
48.25092176, 14.27814003, 57
48.25641397, 14.27590783, 21
48.25546388, 14.27717607, 117
48.25636189, 14.27725211, 37
48.25541178, 14.27852031, 6
48.25630978, 14.27859638, 46
48.25831412, 14.27337123, 25
48.25926416, 14.27210286, 2
48.25921212, 14.27344721, 17
48.25736405, 14.27463956, 30
48.25826206, 14.27471556, 127
48.25731198, 14.27598386, 52
48.25820998, 14.27605988, 120
48.25916006, 14.27479156, 18
48.25910799, 14.27613591, 242
48.2626479, 14.27778451, 177
48.2635459, 14.27786058, 2
48.26259578, 14.27912894, 63
48.26349378, 14.27920504, 23
48.265394, 14.27666821, 2
48.266292, 14.27674427, 15
48.26718999, 14.27682033, 100
48.26808799, 14.2768964, 148
48.2644439, 14.27793665, 7
48.2653419, 14.27801273, 3
48.26623989, 14.27808881, 2
48.26439178, 14.27928114, 63
48.26528978, 14.27935724, 161
48.26618778, 14.27943334, 10
48.26713789, 14.27816489, 114
48.26803589, 14.27824098, 90
48.26708577, 14.27950945, 89
48.26798377, 14.27958556, 30
48.26898599, 14.27697246, 120
48.26988399, 14.27704853, 4
48.27083408, 14.27577995, 66
48.27173208, 14.275856, 10
48.27078199, 14.27712461, 5
48.27167998, 14.27720069, 168
48.26893389, 14.27831707, 61
48.26983188, 14.27839317, 42
48.26888177, 14.27966168, 4
48.26977976, 14.27973779, 102
48.27072988, 14.27846926, 2
48.27162788, 14.27854536, 21
48.27067776, 14.27981392, 60
48.27157575, 14.27989004, 38
48.27263007, 14.27593206, 14
48.27352807, 14.27600812, 177
48.27257798, 14.27727677, 234
48.27347598, 14.27735285, 83
48.27442607, 14.27608419, 5
48.27532406, 14.27616025, 36
48.27437397, 14.27742894, 151
48.27527197, 14.27750503, 14
48.27252587, 14.27862147, 69
48.27342387, 14.27869758, 32
48.27247375, 14.27996617, 24
48.27337174, 14.2800423, 131
48.27432186, 14.27877369, 8
48.27521986, 14.2788498, 81
48.27426974, 14.28011844, 12
48.27516773, 14.28019458, 21
48.27622206, 14.27623632, 14
48.27712006, 14.2763124, 4
48.27616996, 14.27758112, 62
48.27706796, 14.27765722, 2
48.27796595, 14.27773332, 9
48.27611785, 14.27892592, 11
48.27701584, 14.27900204, 64
48.27791384, 14.27907817, 230
48.27606572, 14.28027072, 8
48.27696371, 14.28034686, 130
48.27786171, 14.28042301, 77
48.27881183, 14.2791543, 36
48.2787597, 14.28049917, 162
48.27965769, 14.28057532, 6
48.24907364, 14.27933202, 26
48.24902151, 14.2806761, 149
48.24997164, 14.27940809, 37
48.24991951, 14.28075219, 15
48.24896936, 14.28202018, 23
48.24986736, 14.28209629, 9
48.25171551, 14.28090438, 153
48.25076536, 14.28217241, 186
48.25166337, 14.28224853, 21
48.2489172, 14.28336425, 47
48.2498152, 14.28344039, 180
48.24886502, 14.28470832, 43
48.24976302, 14.28478448, 191
48.2507132, 14.28351653, 2
48.2516112, 14.28359267, 36
48.25066102, 14.28486064, 101
48.25155902, 14.28493681, 13
48.25266565, 14.27963631, 108
48.25261352, 14.28098048, 5
48.25351152, 14.28105659, 228
48.25256137, 14.28232465, 15
48.25345937, 14.28240078, 3
48.25446166, 14.27978847, 131
48.25530752, 14.2812088, 93
48.25615337, 14.28262918, 164
48.2525092, 14.28366882, 45
48.2534072, 14.28374497, 229
48.25245702, 14.28501298, 14
48.25335502, 14.28508916, 74
48.2552032, 14.28389728, 1
48.25610119, 14.28397345, 68
48.25425301, 14.28516534, 21
48.24881282, 14.28605239, 12
48.24971082, 14.28612857, 103
48.24876061, 14.28739645, 45
48.24965861, 14.28747266, 33
48.25060882, 14.28620476, 4
48.25150682, 14.28628095, 125
48.25055661, 14.28754887, 54
48.25145461, 14.28762509, 8
48.24870839, 14.28874051, 64
48.24960638, 14.28881674, 39
48.24865614, 14.29008457, 31
48.24955414, 14.29016083, 1
48.25050438, 14.28889298, 2
48.25140237, 14.28896922, 71
48.25045213, 14.29023709, 62
48.25135013, 14.29031335, 101
48.25240482, 14.28635715, 55
48.25330281, 14.28643335, 16
48.2523526, 14.28770131, 49
48.2532506, 14.28777753, 221
48.25420081, 14.28650955, 120
48.25509881, 14.28658575, 36
48.25414859, 14.28785376, 14
48.25504659, 14.28792998, 30
48.25594458, 14.28800622, 53
48.25230037, 14.28904546, 73
48.25319837, 14.28912171, 194
48.25224812, 14.29038962, 106
48.25314612, 14.29046589, 31
48.25409636, 14.28919796, 22
48.25499435, 14.28927421, 107
48.25589235, 14.28935047, 196
48.25404411, 14.29054216, 146
48.2549421, 14.29061844, 161
48.2558401, 14.29069472, 105
48.25800152, 14.28143716, 4
48.25705136, 14.28270533, 18
48.25794936, 14.28278147, 19
48.25884736, 14.28285762, 1
48.25699919, 14.28404961, 21
48.25789719, 14.28412578, 17
48.256947, 14.28539389, 5
48.257845, 14.28547009, 2
48.25879519, 14.28420195, 109
48.26154135, 14.28308608, 32
48.26254365, 14.28047338, 20
48.26249151, 14.28181781, 55
48.26344165, 14.2805495, 123
48.26338951, 14.28189396, 52
48.26243935, 14.28316225, 65
48.26333734, 14.28323841, 88
48.26238717, 14.28450667, 72
48.26328516, 14.28458286, 144
48.26233497, 14.2858511, 13
48.26323297, 14.28592731, 14
48.25684258, 14.28808245, 8
48.25774057, 14.28815869, 185
48.25863857, 14.28823494, 124
48.25953656, 14.28831118, 12
48.25679034, 14.28942673, 45
48.25768833, 14.28950299, 36
48.25673809, 14.290771, 128
48.25763608, 14.29084729, 4
48.25858633, 14.28957926, 14
48.25948432, 14.28965553, 91
48.25853407, 14.29092358, 123
48.26138477, 14.28711929, 51
48.26043455, 14.28838743, 92
48.26133254, 14.28846369, 24
48.26228276, 14.28719552, 12
48.26318076, 14.28727176, 58
48.26223054, 14.28853995, 29
48.26312853, 14.28861621, 55
48.26038231, 14.28973181, 112
48.2612803, 14.28980808, 32
48.24950188, 14.29150491, 21
48.2485516, 14.29277268, 272
48.2494496, 14.29284899, 25
48.25039987, 14.29158119, 1
48.25129786, 14.29165748, 165
48.25034759, 14.29292529, 173
48.25124558, 14.29300161, 42
48.24849931, 14.29411674, 4
48.2493973, 14.29419306, 48
48.2502953, 14.29426939, 19
48.25119329, 14.29434573, 57
48.25219586, 14.29173377, 48
48.25309385, 14.29181006, 1
48.25214358, 14.29307792, 3
48.25304157, 14.29315424, 191
48.25399184, 14.29188636, 210
48.25488983, 14.29196266, 39
48.25578783, 14.29203897, 5
48.25393956, 14.29323056, 136
48.25483755, 14.29330688, 1
48.25573554, 14.29338321, 22
48.25209128, 14.29442207, 12
48.25298927, 14.29449841, 93
48.25203896, 14.29576621, 239
48.25198663, 14.29711035, 127
48.25293695, 14.29584258, 17
48.25288462, 14.29718674, 11
48.25388726, 14.29457475, 13
48.25478525, 14.2946511, 43
48.25568324, 14.29472745, 160
48.25383494, 14.29591895, 37
48.25473293, 14.29599532, 58
48.25378261, 14.29726313, 15
48.2546806, 14.29733953, 42
48.25563092, 14.29607169, 10
48.25557859, 14.29741593, 148
48.24828998, 14.29949292, 169
48.24918796, 14.29956934, 1
48.2510363, 14.29837808, 2
48.25098394, 14.2997222, 27
48.2482376, 14.30083696, 79
48.24913559, 14.3009134, 86
48.24818521, 14.30218099, 56
48.2490832, 14.30225746, 15
48.25093156, 14.30106631, 14
48.24998118, 14.30233394, 60
48.25087917, 14.30241041, 63
48.25193429, 14.29845449, 85
48.25283228, 14.29853091, 30
48.25188193, 14.29979863, 8
48.25277991, 14.29987507, 34
48.25373026, 14.29860732, 106
48.25462825, 14.29868374, 12
48.25552624, 14.29876016, 11
48.2536779, 14.29995151, 17
48.25457588, 14.30002795, 5
48.25547387, 14.3001044, 2
48.25182955, 14.30114276, 5
48.25272753, 14.30121922, 3
48.25177715, 14.3024869, 14
48.25267514, 14.30256338, 133
48.2545235, 14.30137215, 6
48.25542149, 14.30144863, 29
48.2544711, 14.30271636, 12
48.25536909, 14.30279285, 22
48.25668582, 14.29211527, 6
48.25758381, 14.29219159, 95
48.25663353, 14.29345954, 13
48.25753152, 14.29353588, 42
48.25842951, 14.29361222, 4
48.25658123, 14.29480381, 43
48.25747922, 14.29488017, 201
48.25652891, 14.29614807, 1
48.26112348, 14.29384125, 3
48.26017318, 14.29510926, 20
48.26196915, 14.29526201, 94
48.26286714, 14.29533839, 30
48.26191683, 14.29660642, 114
48.25822019, 14.29898945, 1
48.25911818, 14.29906589, 117
48.26271011, 14.29937167, 35
48.26165496, 14.30332841, 6
48.26433965, 14.28062562, 57
48.2642875, 14.2819701, 18
48.26523765, 14.28070174, 9
48.26613564, 14.28077787, 229
48.2651855, 14.28204625, 11
48.26423534, 14.28331458, 42
48.26513333, 14.28339075, 37
48.26703364, 14.280854, 7
48.26698149, 14.28219856, 19
48.26692932, 14.28354311, 3
48.26418316, 14.28465906, 160
48.26508115, 14.28473525, 68
48.26597914, 14.28481145, 6
48.26413096, 14.28600353, 42
48.26502895, 14.28607975, 4
48.26592695, 14.28615597, 6
48.26687714, 14.28488765, 94
48.26777513, 14.28496386, 160
48.26772293, 14.28630843, 1
48.26882963, 14.28100628, 25
48.26972763, 14.28108242, 23
48.26967547, 14.28242704, 103
48.27062562, 14.28115857, 150
48.27057346, 14.28250321, 154
48.27152361, 14.28123471, 11
48.27147146, 14.28257939, 1
48.27052129, 14.28384786, 28
48.27141928, 14.28392406, 155
48.26867312, 14.28504007, 44
48.26957111, 14.28511628, 243
48.26862092, 14.28638466, 17
48.26951891, 14.2864609, 233
48.2704691, 14.2851925, 2
48.2704169, 14.28653714, 181
48.27131489, 14.28661339, 3
48.26407875, 14.287348, 30
48.26497674, 14.28742424, 57
48.26587473, 14.28750049, 102
48.26402652, 14.28869247, 105
48.2658225, 14.28884501, 4
48.26677272, 14.28757674, 178
48.26767071, 14.287653, 116
48.26672049, 14.28892128, 14
48.26761848, 14.28899756, 22
48.26577025, 14.29018952, 172
48.26571799, 14.29153403, 18
48.26666824, 14.29026582, 15
48.26756623, 14.29034212, 4
48.26661597, 14.29161035, 5
48.26751396, 14.29168668, 211
48.26946669, 14.28780551, 98
48.26851647, 14.28907384, 2
48.26941446, 14.28915013, 55
48.27036468, 14.28788178, 17
48.27126267, 14.28795805, 239
48.27031244, 14.28922641, 141
48.27121043, 14.28930271, 17
48.26846422, 14.29041843, 3
48.2693622, 14.29049473, 153
48.26841195, 14.29176301, 24
48.26930993, 14.29183934, 28
48.27026019, 14.29057105, 25
48.27115818, 14.29064736, 155
48.27020792, 14.29191568, 38
48.27110591, 14.29199202, 8
48.27242161, 14.28131087, 2
48.27236945, 14.28265556, 16
48.2733196, 14.28138702, 164
48.27326744, 14.28273174, 62
48.27231728, 14.28400026, 14
48.27321527, 14.28407646, 13
48.27421759, 14.28146318, 151
48.27416543, 14.28280792, 18
48.27511559, 14.28153934, 2
48.27506342, 14.28288411, 18
48.27411326, 14.28415267, 116
48.27501125, 14.28422888, 3
48.27226509, 14.28534495, 13
48.27316308, 14.28542117, 16
48.27221288, 14.28668963, 4
48.27311087, 14.28676588, 4
48.27406107, 14.2854974, 14
48.27495905, 14.28557364, 25
48.27400886, 14.28684214, 19
48.27490684, 14.2869184, 7
48.27601358, 14.28161551, 11
48.27691157, 14.28169168, 37
48.27596142, 14.2829603, 8
48.27685941, 14.28303649, 7
48.27780956, 14.28176785, 17
48.2777574, 14.28311269, 4
48.27590924, 14.28430509, 105
48.27680723, 14.28438131, 2
48.27770522, 14.28445753, 10
48.27870755, 14.28184403, 58
48.27865538, 14.28318889, 127
48.27960554, 14.28192021, 8
48.27955337, 14.28326509, 38
48.2786032, 14.28453375, 44
48.27950119, 14.28460998, 62
48.27585704, 14.28564987, 43
48.27675503, 14.28572612, 117
48.27765302, 14.28580236, 2
48.27580483, 14.28699466, 130
48.27670282, 14.28707092, 33
48.27760081, 14.28714719, 9
48.27855101, 14.28587861, 280
48.27944899, 14.28595486, 11
48.27849879, 14.28722346, 159
48.27939678, 14.28729974, 18
48.27216066, 14.28803432, 4
48.27305864, 14.28811059, 56
48.2730064, 14.2894553, 32
48.27395663, 14.28818687, 85
48.27485462, 14.28826315, 116
48.27390439, 14.2895316, 21
48.27480238, 14.28960791, 25
48.27295415, 14.2908, 43
48.27290187, 14.2921447, 3
48.27385213, 14.29087633, 284
48.27475012, 14.29095266, 2
48.27379986, 14.29222105, 27
48.27469784, 14.29229741, 58
48.27575261, 14.28833944, 42
48.27665059, 14.28841573, 14
48.27754858, 14.28849202, 115
48.27570036, 14.28968421, 95
48.27659835, 14.28976053, 3
48.27749633, 14.28983684, 312
48.27844656, 14.28856831, 183
48.27934455, 14.28864461, 187
48.27839432, 14.28991316, 45
48.2792923, 14.28998948, 60
48.27924003, 14.29133435, 17
48.26566571, 14.29287854, 129
48.26656369, 14.29295489, 17
48.26746168, 14.29303124, 12
48.26651139, 14.29429942, 44
48.26740938, 14.29437579, 21
48.26835966, 14.29310759, 19
48.26925765, 14.29318394, 21
48.26830736, 14.29445217, 31
48.26920535, 14.29452855, 65
48.27015563, 14.2932603, 53
48.27105362, 14.29333667, 11
48.27010333, 14.29460493, 66
48.27100131, 14.29468132, 131
48.26825505, 14.29579674, 17
48.26915303, 14.29587314, 186
48.26820271, 14.29714131, 20
48.26815036, 14.29848588, 8
48.2691007, 14.29721774, 3
48.26904835, 14.29856233, 15
48.27005101, 14.29594955, 58
48.27094899, 14.29602596, 4
48.26999868, 14.29729417, 90
48.26994633, 14.29863879, 36
48.27089666, 14.29737061, 3
48.27084431, 14.29871525, 89
48.26355572, 14.30079257, 176
48.2644537, 14.30086905, 29
48.26535168, 14.30094554, 45
48.26630204, 14.29967751, 90
48.26720002, 14.29975398, 347
48.26350332, 14.30213702, 130
48.26434889, 14.30355799, 28
48.268098, 14.29983045, 2
48.26899598, 14.29990692, 46
48.2689436, 14.30125151, 19
48.26989396, 14.2999834, 16
48.27079194, 14.30005988, 27
48.26984157, 14.30132802, 7
48.27073955, 14.30140452, 215
48.2688912, 14.3025961, 6
48.26883878, 14.30394068, 202
48.26978917, 14.30267262, 187
48.27068715, 14.30274915, 135
48.26973676, 14.30401723, 95
48.27063473, 14.30409379, 39
48.27284959, 14.2934894, 8
48.27279728, 14.2948341, 8
48.27374757, 14.29356578, 32
48.27464555, 14.29364215, 146
48.27369526, 14.2949105, 56
48.27459324, 14.2949869, 7
48.27184698, 14.29610238, 15
48.27274496, 14.29617879, 1
48.27179464, 14.29744704, 4
48.27174229, 14.29879171, 6
48.27269262, 14.29752348, 21
48.27264026, 14.29886817, 16
48.27364294, 14.29625521, 6
48.27454092, 14.29633164, 1
48.2735906, 14.29759993, 124
48.27353824, 14.29894464, 164
48.27448858, 14.29767638, 290
48.27443622, 14.29902111, 2
48.27549122, 14.2950633, 98
48.2763892, 14.29513971, 85
48.2754389, 14.29640807, 14
48.27633688, 14.2964845, 34
48.27723486, 14.29656093, 50
48.27538656, 14.29775283, 90
48.2753342, 14.29909759, 109
48.27623218, 14.29917407, 74
48.27718251, 14.29790574, 53
48.27713015, 14.29925055, 19
48.27808049, 14.2979822, 139
48.27802813, 14.29932703, 20
48.27897847, 14.29805867, 33
48.27892611, 14.29940352, 24
48.27168992, 14.30013637, 67
48.27258789, 14.30021286, 107
48.27163753, 14.30148103, 1
48.27253551, 14.30155754, 5
48.27348587, 14.30028935, 414
48.27438385, 14.30036585, 214
48.27343348, 14.30163406, 32
48.27433146, 14.30171058, 28
48.27158513, 14.30282569, 82
48.2724831, 14.30290222, 149
48.27153271, 14.30417034, 9
48.27243068, 14.3042469, 113
48.27338108, 14.30297876, 5
48.27427905, 14.30305531, 11
48.27332866, 14.30432347, 117
48.27422663, 14.30440003, 7
48.27528183, 14.30044235, 129
48.2761798, 14.30051885, 109
48.27707778, 14.30059535, 52
48.27522943, 14.3017871, 86
48.27612741, 14.30186363, 31
48.27702538, 14.30194016, 1
48.27797575, 14.30067186, 19
48.27887373, 14.30074838, 60
48.27792336, 14.30201669, 6
48.27882133, 14.30209323, 134
48.27517703, 14.30313185, 54
48.276075, 14.3032084, 122
48.27697298, 14.30328496, 245
48.2751246, 14.3044766, 6
48.27602258, 14.30455318, 244
48.27692055, 14.30462975, 12
48.27787095, 14.30336151, 138
48.27876892, 14.30343807, 11
48.27781852, 14.30470633, 20
48.27871649, 14.30478292, 82
48.23091374, 14.30610303, 260
48.21686614, 14.3197312, 23
48.21776413, 14.31980791, 9
48.21591554, 14.32099766, 57
48.21681353, 14.32107439, 62
48.21586291, 14.32234083, 6
48.21771151, 14.32115112, 100
48.21860949, 14.32122786, 43
48.21855686, 14.32257109, 153
48.21945484, 14.32264786, 126
48.22035282, 14.32272462, 16
48.2212508, 14.32280139, 2
48.22943789, 14.32080544, 93
48.23186417, 14.30483593, 296
48.23276216, 14.30491241, 63
48.23181173, 14.30617953, 47
48.23270972, 14.30625604, 29
48.23360771, 14.30633254, 137
48.23265727, 14.30759966, 23
48.23355526, 14.30767619, 4
48.23350279, 14.30901983, 38
48.23165432, 14.31021031, 124
48.23434828, 14.31044005, 20
48.23514124, 14.313204, 191
48.24364287, 14.30314261, 9
48.24359045, 14.30448652, 24
48.24454086, 14.30321909, 51
48.24543884, 14.30329557, 63
48.24448844, 14.30456302, 178
48.24538642, 14.30463953, 26
48.24633683, 14.30337205, 47
48.24723482, 14.30344854, 3
48.24628441, 14.30471603, 117
48.244436, 14.30590696, 37
48.24533399, 14.30598349, 119
48.24438355, 14.30725089, 19
48.24528153, 14.30732744, 3
48.24623197, 14.30606002, 4
48.24712995, 14.30613655, 146
48.24617952, 14.307404, 4
48.2470775, 14.30748055, 222
48.24522906, 14.30867139, 106
48.24612704, 14.30874797, 35
48.24702503, 14.30882455, 117
48.24697254, 14.31016855, 251
48.24512407, 14.31135929, 157
48.24507156, 14.31270324, 104
48.24501902, 14.31404718, 47
48.24602205, 14.31143592, 105
48.24596953, 14.31277989, 41
48.24686751, 14.31285654, 156
48.245917, 14.31412385, 199
48.24681498, 14.31420053, 4
48.23324018, 14.315738, 7
48.23677953, 14.31738844, 42
48.23582896, 14.31865543, 22
48.23672694, 14.31873216, 4
48.23762491, 14.3188089, 1
48.23852289, 14.31888564, 4
48.23218444, 14.31969213, 163
48.2339804, 14.31984562, 4
48.23482575, 14.32126603, 68
48.23847028, 14.32022941, 28
48.23841766, 14.32157317, 5
48.23656907, 14.3227633, 66
48.23651641, 14.32410701, 7
48.23746704, 14.32284011, 68
48.23836501, 14.32291693, 57
48.23741438, 14.32418385, 4
48.23831236, 14.32426068, 6
48.24676242, 14.31554452, 128
48.24670985, 14.3168885, 3
48.23931563, 14.32164996, 7
48.23926299, 14.32299374, 6
48.23921033, 14.32433752, 9
48.2401083, 14.32441436, 6
48.24100627, 14.32449121, 65
48.21581026, 14.32368399, 7
48.21850421, 14.32391433, 26
48.21940219, 14.32399111, 297
48.21934952, 14.32533437, 26
48.22030017, 14.3240679, 38
48.22119815, 14.3241447, 225
48.2202475, 14.32541118, 68
48.22209613, 14.32422149, 12
48.22362855, 14.33109193, 4
48.23271374, 14.32917415, 8
48.23646374, 14.32545072, 8
48.23641105, 14.32679442, 4
48.23635834, 14.32813812, 7
48.23736171, 14.32552758, 20
48.23730902, 14.3268713, 70
48.23825968, 14.32560444, 1
48.23820699, 14.32694819, 5
48.23725631, 14.32821503, 3
48.23815428, 14.32829193, 2
48.23630562, 14.32948182, 152
48.23625288, 14.33082552, 74
48.23720359, 14.32955875, 61
48.23810156, 14.32963568, 1
48.23715085, 14.33090247, 69
48.23804882, 14.33097942, 2
48.23620013, 14.33216921, 37
48.23614736, 14.3335129, 14
48.2370981, 14.33224619, 41
48.23799606, 14.33232317, 118
48.23704532, 14.3335899, 3
48.23794329, 14.3336669, 9
48.23609457, 14.33485659, 56
48.23699254, 14.33493361, 19
48.2378905, 14.33501064, 151
48.23693973, 14.33627732, 67
48.23783769, 14.33635437, 4
48.23915765, 14.3256813, 45
48.23910496, 14.32702507, 33
48.24005562, 14.32575816, 174
48.24000293, 14.32710196, 56
48.23905225, 14.32836885, 55
48.23995022, 14.32844576, 96
48.24095359, 14.32583503, 1
48.2409009, 14.32717886, 98
48.24185156, 14.32591191, 103
48.24179887, 14.32725575, 4
48.24269683, 14.32733265, 145
48.24084819, 14.32852268, 55
48.24264412, 14.32867652, 9
48.23899953, 14.32971262, 83
48.23989749, 14.32978955, 7
48.23894678, 14.33105638, 120
48.23984475, 14.33113334, 44
48.24079546, 14.32986649, 271
48.24169343, 14.32994344, 28
48.24259139, 14.33002039, 140
48.24074272, 14.33121031, 23
48.24253865, 14.33136425, 95
48.2436475, 14.32606567, 70
48.2435948, 14.32740956, 115
48.24449277, 14.32748647, 57
48.24354209, 14.32875345, 24
48.24444006, 14.32883038, 13
48.24544344, 14.32621944, 66
48.24539074, 14.32756338, 142
48.2463414, 14.32629633, 19
48.2462887, 14.32764029, 71
48.24533802, 14.32890732, 41
48.24623599, 14.32898425, 8
48.24348936, 14.33009734, 58
48.24438732, 14.33017429, 157
48.24343661, 14.33144122, 33
48.24433458, 14.3315182, 19
48.24528529, 14.33025125, 28
48.23889403, 14.33240015, 40
48.23979199, 14.33247713, 28
48.23884125, 14.33374391, 187
48.23973922, 14.33382092, 2
48.24068996, 14.33255412, 35
48.24158792, 14.33263111, 22
48.24063718, 14.33389793, 106
48.24153514, 14.33397495, 16
48.24243311, 14.33405197, 43
48.23878846, 14.33508767, 5
48.23968643, 14.3351647, 119
48.23873566, 14.33643143, 114
48.23963362, 14.33650848, 29
48.24058439, 14.33524174, 7
48.24148235, 14.33531878, 213
48.24238031, 14.33539582, 10
48.24053158, 14.33658554, 27
48.24142954, 14.3366626, 12
48.2423275, 14.33673967, 189
48.24338385, 14.33278511, 16
48.24333107, 14.33412899, 2
48.24607774, 14.33301613, 5
48.24327827, 14.33547287, 29
48.24417624, 14.33554992, 130
48.24322546, 14.33681674, 15
48.24412342, 14.33689382, 13
48.23567169, 14.34560601, 188
48.23752052, 14.34441672, 145
48.2374676, 14.34576043, 109
48.2355658, 14.34829333, 19
48.24047876, 14.33792934, 1
48.24137672, 14.33800643, 4
48.24227467, 14.33808352, 3
48.24222183, 14.33942737, 152
48.24216897, 14.34077121, 533
48.24317263, 14.33816061, 20
48.24407059, 14.33823771, 33
48.24311979, 14.33950449, 4
48.24401775, 14.33958161, 69
48.24306693, 14.34084835, 101
48.24396488, 14.3409255, 108
48.24301405, 14.34219222, 27
48.24391201, 14.34226939, 8
48.23841847, 14.34449391, 79
48.23836555, 14.34583765, 19
48.2481328, 14.30352503, 44
48.24903079, 14.30360152, 116
48.24808038, 14.30486906, 12
48.24897836, 14.30494558, 161
48.24992877, 14.30367802, 41
48.25082676, 14.30375452, 4
48.25077433, 14.30509862, 21
48.24802794, 14.30621309, 12
48.24892592, 14.30628963, 125
48.24797548, 14.30755712, 34
48.2498239, 14.30636618, 1
48.25072188, 14.30644272, 172
48.24977144, 14.30771025, 4
48.25066942, 14.30778682, 19
48.25172474, 14.30383102, 4
48.25262272, 14.30390753, 6
48.25167231, 14.30517515, 74
48.25257029, 14.30525168, 102
48.25352071, 14.30398404, 9
48.25441869, 14.30406056, 21
48.25531667, 14.30413708, 15
48.25346827, 14.30532822, 11
48.25436626, 14.30540476, 57
48.25526424, 14.3054813, 4
48.25161987, 14.30651928, 16
48.25251785, 14.30659583, 41
48.25156741, 14.3078634, 14
48.25246539, 14.30793998, 123
48.25341583, 14.30667239, 179
48.25431381, 14.30674895, 80
48.25521179, 14.30682552, 20
48.25336336, 14.30801656, 36
48.25426134, 14.30809314, 23
48.25515932, 14.30816973, 63
48.24792301, 14.30890114, 266
48.24882099, 14.30897773, 2
48.24787052, 14.31024516, 47
48.2487685, 14.31032177, 66
48.24966648, 14.31039839, 16
48.24781801, 14.31158918, 35
48.24776549, 14.3129332, 133
48.24871599, 14.31166582, 31
48.24771295, 14.31427721, 55
48.24961397, 14.31174246, 2
48.24956145, 14.31308652, 21
48.25051195, 14.3118191, 27
48.25045942, 14.31316319, 14
48.25040688, 14.31450727, 249
48.25151493, 14.30920752, 14
48.25241291, 14.30928412, 145
48.25146243, 14.31055163, 9
48.25236041, 14.31062826, 25
48.25331089, 14.30936073, 66
48.25325839, 14.31070489, 156
48.25415637, 14.31078152, 16
48.2523079, 14.3119724, 1
48.25130486, 14.31458397, 13
48.25220283, 14.31466067, 6
48.25320588, 14.31204905, 88
48.25410385, 14.31212571, 68
48.25315335, 14.31339321, 16
48.25405132, 14.31346989, 11
48.25500183, 14.31220237, 28
48.2549493, 14.31354658, 28
48.2531008, 14.31473737, 25
48.25399878, 14.31481407, 20
48.25616222, 14.30555784, 41
48.25610977, 14.30690209, 21
48.2560573, 14.30824633, 19
48.26065211, 14.30594062, 80
48.26160253, 14.3046728, 32
48.26155009, 14.30601719, 79
48.25970168, 14.3072084, 5
48.26059966, 14.30728498, 2
48.26054719, 14.30862934, 82
48.26144516, 14.30870596, 84
48.2558998, 14.31227903, 18
48.25584727, 14.31362326, 306
48.25679778, 14.3123557, 22
48.25579472, 14.31496749, 55
48.2566927, 14.31504421, 7
48.25764322, 14.31377665, 30
48.25854119, 14.31385335, 6
48.25759067, 14.31512092, 36
48.25848864, 14.31519765, 17
48.2604947, 14.3099737, 4
48.25938661, 14.31527437, 90
48.2476604, 14.31562122, 16
48.24855837, 14.31569793, 180
48.2485058, 14.31704196, 7
48.24945635, 14.31577464, 18
48.25035432, 14.31585136, 145
48.24940377, 14.3171187, 10
48.25030175, 14.31719544, 67
48.24845321, 14.31838599, 187
48.24750264, 14.31965324, 61
48.24840061, 14.31973002, 56
48.24935119, 14.31846275, 260
48.25024916, 14.31853951, 8
48.24929858, 14.3198068, 20
48.25019655, 14.31988359, 40
48.2512523, 14.31592807, 1
48.25215027, 14.3160048, 9
48.25119972, 14.31727218, 78
48.25209769, 14.31734892, 1
48.25304824, 14.31608152, 17
48.25394622, 14.31615825, 50
48.25299567, 14.31742567, 80
48.25389364, 14.31750242, 26
48.25479161, 14.31757918, 108
48.25114713, 14.31861628, 21
48.2520451, 14.31869305, 31
48.25109452, 14.31996038, 104
48.25294307, 14.31876982, 26
48.25384104, 14.3188466, 3
48.25473901, 14.31892338, 136
48.25289046, 14.32011397, 200
48.25378843, 14.32019077, 93
48.2546864, 14.32026757, 204
48.24834799, 14.32107405, 5
48.24829535, 14.32241807, 77
48.24919332, 14.3224949, 7
48.25009129, 14.32257173, 61
48.2482427, 14.32376209, 57
48.24908799, 14.32518298, 7
48.25283784, 14.32145811, 111
48.2537358, 14.32153493, 253
48.25463377, 14.32161176, 88
48.25368316, 14.3228791, 79
48.25458113, 14.32295595, 19
48.25452847, 14.32430014, 70
48.25447579, 14.32564432, 208
48.25574216, 14.31631172, 183
48.25664013, 14.31638846, 127
48.25658755, 14.3177327, 84
48.2575381, 14.3164652, 32
48.25843607, 14.31654194, 157
48.25748552, 14.31780947, 11
48.25838349, 14.31788624, 116
48.25563698, 14.31900016, 27
48.25653495, 14.31907695, 28
48.25558437, 14.32034438, 126
48.25648234, 14.32042119, 8
48.25743292, 14.31915374, 35
48.25833089, 14.31923053, 15
48.25738031, 14.320498, 51
48.25827827, 14.32057482, 34
48.25933404, 14.31661869, 5
48.26023201, 14.31669545, 64
48.25928146, 14.31796301, 69
48.26017943, 14.31803979, 56
48.26112998, 14.3167722, 16
48.26202795, 14.31684896, 121
48.2610774, 14.31811657, 6
48.26197536, 14.31819335, 70
48.25922886, 14.31930733, 83
48.26012682, 14.31938413, 121
48.25917624, 14.32065164, 52
48.26007421, 14.32072846, 47
48.26102479, 14.31946093, 34
48.26192276, 14.31953774, 31
48.25553174, 14.32168859, 207
48.25642971, 14.32176543, 2
48.25547909, 14.3230328, 1
48.25637706, 14.32310966, 14
48.25732767, 14.32184226, 50
48.25727502, 14.32318652, 94
48.25817299, 14.32326339, 7
48.25542643, 14.32437701, 1
48.2563244, 14.3244539, 111
48.25537375, 14.32572122, 83
48.25627172, 14.32579813, 117
48.25722236, 14.32453078, 86
48.25812032, 14.32460767, 99
48.26339849, 14.3048259, 6
48.26429647, 14.30490245, 24
48.26519444, 14.304979, 77
48.26334605, 14.30617033, 11
48.26424402, 14.30624691, 18
48.26693795, 14.30647666, 91
48.26878635, 14.30528526, 74
48.26783592, 14.30655325, 16
48.2687339, 14.30662984, 133
48.26968432, 14.30536184, 210
48.2705823, 14.30543841, 126
48.26963187, 14.30670644, 52
48.26868143, 14.30797442, 95
48.26862895, 14.30931899, 212
48.26957941, 14.30805104, 154
48.27047738, 14.30812766, 29
48.26952692, 14.30939563, 3
48.2704249, 14.30947228, 40
48.26303105, 14.31423689, 21
48.26392902, 14.31431361, 128
48.26482699, 14.31439033, 190
48.26297849, 14.31558131, 23
48.26387646, 14.31565805, 6
48.26477443, 14.3157348, 83
48.26572496, 14.31446706, 10
48.26667547, 14.31319927, 62
48.26662293, 14.31454379, 114
48.2656724, 14.31581155, 4
48.26657037, 14.3158883, 86
48.26947443, 14.31074023, 44
48.2703724, 14.3108169, 97
48.26942191, 14.31208482, 304
48.27031988, 14.31216152, 32
48.26757344, 14.31327598, 93
48.2675209, 14.31462052, 16
48.26847141, 14.31335269, 11
48.26841886, 14.31469726, 2
48.26746833, 14.31596506, 112
48.2683663, 14.31604182, 10
48.26936938, 14.31342941, 6
48.26931683, 14.314774, 15
48.27026735, 14.31350613, 27
48.2702148, 14.31485074, 2
48.26926427, 14.31611858, 11
48.27148027, 14.30551499, 34
48.27237825, 14.30559158, 30
48.27142782, 14.30685964, 62
48.27232579, 14.30693625, 34
48.27327622, 14.30566816, 118
48.27417419, 14.30574476, 44
48.27322376, 14.30701286, 204
48.27412174, 14.30708948, 58
48.27137535, 14.30820429, 22
48.27227332, 14.30828092, 71
48.27132287, 14.30954893, 37
48.27222084, 14.30962559, 22
48.27317129, 14.30835756, 137
48.27406927, 14.30843419, 3
48.27311881, 14.30970225, 80
48.27401678, 14.30977891, 23
48.27686811, 14.30597455, 76
48.27501971, 14.30716609, 252
48.27591768, 14.30724272, 189
48.27776608, 14.30605115, 16
48.27866405, 14.30612776, 22
48.27771362, 14.30739597, 51
48.27496724, 14.30851084, 40
48.27491475, 14.30985558, 50
48.27855911, 14.30881744, 4
48.27127037, 14.31089358, 10
48.27216834, 14.31097026, 15
48.27121785, 14.31223822, 120
48.27211582, 14.31231492, 28
48.2730663, 14.31104694, 17
48.27301379, 14.31239162, 1
48.27116532, 14.31358285, 13
48.27111277, 14.31492749, 74
48.27206328, 14.31365958, 304
48.27201073, 14.31500424, 94
48.27296125, 14.31373631, 27
48.2729087, 14.31508099, 44
48.27385922, 14.31381304, 20
48.27380666, 14.31515775, 20
48.27486224, 14.31120031, 2
48.27576021, 14.31127701, 61
48.27480972, 14.31254505, 14
48.27570769, 14.31262176, 36
48.27660565, 14.31269848, 23
48.27845411, 14.3115071, 7
48.27840158, 14.31285193, 48
48.27475718, 14.31388978, 3
48.27565515, 14.31396652, 70
48.27470463, 14.31523451, 10
48.27560259, 14.31531127, 72
48.27655311, 14.31404326, 21
48.27834904, 14.31419676, 150
48.26292592, 14.31692572, 15
48.26382389, 14.31700249, 9
48.26472186, 14.31707926, 17
48.26287333, 14.31827014, 22
48.2637713, 14.31834693, 22
48.26466926, 14.31842372, 23
48.26561982, 14.31715603, 33
48.26651779, 14.31723281, 15
48.26461666, 14.31976818, 1
48.26366607, 14.32103579, 32
48.26741576, 14.31730959, 13
48.26831372, 14.31738638, 164
48.26451139, 14.32245709, 149
48.26630732, 14.32261083, 27
48.273491, 14.32322593, 50
48.24723937, 14.32637322, 105
48.24718667, 14.32771721, 22
48.24813734, 14.32645012, 189
48.24808464, 14.32779413, 105
48.24713395, 14.3290612, 162
48.2489826, 14.32787106, 72
48.24892988, 14.32921509, 59
48.24887714, 14.33055912, 38
48.24977511, 14.3306361, 156
48.24972235, 14.33198015, 35
48.24692292, 14.33443711, 3
48.24782088, 14.33451415, 1
48.24771526, 14.33720215, 24
48.25220504, 14.33758764, 215
48.24856038, 14.33862325, 151
48.24850753, 14.33996727, 123
48.24940548, 14.34004441, 18
48.24755671, 14.34123411, 189
48.24750382, 14.3425781, 132
48.24845466, 14.34131128, 68
48.24935262, 14.34138844, 16
48.24840178, 14.34265528, 95
48.24929973, 14.34273247, 4
48.24924683, 14.3440765, 15
48.25120139, 14.3401987, 6
48.25394811, 14.33908601, 5
48.2529973, 14.34035301, 79
48.25389525, 14.34043017, 98
48.25109563, 14.34288686, 82
48.25104273, 14.34423094, 6
48.25204647, 14.34161996, 12
48.25294443, 14.34169714, 9
48.25384238, 14.34177432, 3
48.25289154, 14.34304127, 70
48.25194068, 14.34430816, 16
48.25283863, 14.34438539, 11
48.25378949, 14.34311847, 40
48.25373658, 14.34446262, 13
48.25093688, 14.34691908, 4
48.25188776, 14.34565226, 66
48.25278571, 14.34572951, 215
48.25183482, 14.34699636, 2
48.25273277, 14.34707363, 7
48.25363072, 14.34715091, 7
48.25088392, 14.34826315, 226
48.25178187, 14.34834045, 96
48.25267982, 14.34841775, 80
48.25357776, 14.34849505, 158
48.2517289, 14.34968454, 10
48.25262685, 14.34976186, 52
48.25352479, 14.34983919, 5
48.25479321, 14.34050733, 122
48.25474033, 14.34185151, 5
48.25468744, 14.34319568, 74
48.25463453, 14.34453986, 8
48.25558539, 14.3432729, 31
48.25553248, 14.34461709, 40
48.25648334, 14.34335012, 101
48.25643043, 14.34469433, 59
48.25547955, 14.34596129, 167
48.25452867, 14.34722819, 91
48.25542661, 14.34730548, 64
48.2563775, 14.34603855, 199
48.25727545, 14.34611582, 15
48.25632456, 14.34738276, 1
48.25447571, 14.34857235, 106
48.25537365, 14.34864966, 14
48.26467065, 14.34135636, 100
48.28556629, 14.26758188, 111
48.28651626, 14.26631274, 130
48.28741426, 14.26638866, 20
48.28646429, 14.26765782, 19
48.28736228, 14.26773377, 28
48.28831226, 14.26646459, 2
48.28826028, 14.26780972, 96
48.28551429, 14.26892694, 29
48.28456429, 14.27019601, 105
48.28546229, 14.27027199, 172
48.28641229, 14.2690029, 32
48.28731029, 14.26907887, 164
48.28820829, 14.26915485, 151
48.28636028, 14.27034798, 33
48.28725828, 14.27042397, 1
48.28815627, 14.27049997, 35
48.29380417, 14.26422966, 149
48.2956521, 14.26303614, 14
48.29560016, 14.26438147, 2
48.28926222, 14.26519536, 2
48.28915828, 14.26788567, 1
48.29010826, 14.26661645, 5
48.29005628, 14.26796163, 23
48.29095427, 14.26803759, 197
48.29190425, 14.26676832, 62
48.29185227, 14.26811355, 42
48.28910628, 14.26923082, 79
48.29000428, 14.2693068, 112
48.28905427, 14.27057597, 163
48.28995226, 14.27065197, 2
48.29090227, 14.26938279, 71
48.29180027, 14.26945877, 20
48.29085026, 14.27072798, 7
48.29174825, 14.27080399, 100
48.29285422, 14.26549901, 98
48.29370025, 14.26692021, 14
48.29269826, 14.26953476, 1
48.29264625, 14.27088001, 6
48.2834581, 14.27550002, 146
48.28451226, 14.27154103, 20
48.28541026, 14.27161704, 11
48.28446022, 14.27288606, 188
48.28535822, 14.27296209, 23
48.28630826, 14.27169306, 12
48.28720625, 14.27176907, 177
48.28810425, 14.27184509, 3
48.28625621, 14.27303813, 38
48.28715421, 14.27311417, 28
48.2880522, 14.27319021, 164
48.28440817, 14.27423108, 135
48.28530616, 14.27430714, 24
48.28525409, 14.27565218, 26
48.28620416, 14.2743832, 11
48.28710215, 14.27445926, 2
48.28800014, 14.27453533, 6
48.28615208, 14.27572827, 62
48.28705007, 14.27580435, 2
48.28794806, 14.27588045, 20
48.28155792, 14.27803776, 6
48.28250802, 14.27676892, 26
48.28340601, 14.27684501, 13
48.28245592, 14.27811388, 282
48.28150581, 14.27938271, 71
48.28145367, 14.28072764, 16
48.28330179, 14.27953499, 64
48.28235166, 14.28080381, 6
48.285202, 14.27699722, 10
48.28514989, 14.27834226, 21
48.28609999, 14.27707333, 4
48.28699798, 14.27714944, 157
48.28789597, 14.27722556, 12
48.28604788, 14.27841839, 57
48.28694587, 14.27849453, 71
48.28784386, 14.27857067, 32
48.28419978, 14.27961114, 102
48.28509777, 14.2796873, 66
48.28414764, 14.28095615, 8
48.28599576, 14.27976345, 41
48.28689374, 14.27983961, 80
48.28779173, 14.27991578, 7
48.28594362, 14.28110851, 158
48.2868416, 14.28118469, 4
48.28773959, 14.28126088, 5
48.28900224, 14.27192112, 162
48.28990023, 14.27199714, 47
48.2889502, 14.27326626, 157
48.28984819, 14.27334231, 1
48.29079823, 14.27207318, 27
48.29169622, 14.27214921, 10
48.29074618, 14.27341837, 13
48.29164417, 14.27349442, 31
48.28889813, 14.2746114, 49
48.28979612, 14.27468748, 228
48.28884605, 14.27595654, 144
48.28974405, 14.27603264, 58
48.29069412, 14.27476356, 227
48.29064204, 14.27610874, 37
48.29154003, 14.27618485, 16
48.29259421, 14.27222525, 63
48.29349221, 14.27230129, 6
48.29254216, 14.27357049, 244
48.29344015, 14.27364655, 20
48.2943902, 14.27237733, 31
48.29433815, 14.27372262, 129
48.29523614, 14.27379869, 14
48.29518407, 14.275144, 21
48.29513198, 14.2764893, 11
48.28879396, 14.27730168, 20
48.28969195, 14.2773778, 76
48.28874185, 14.27864681, 231
48.28963984, 14.27872296, 4
48.29058994, 14.27745393, 40
48.29053783, 14.27879911, 12
48.29143581, 14.27887526, 10
48.28868972, 14.27999194, 164
48.28958771, 14.28006811, 9
48.28863758, 14.28133707, 86
48.28953556, 14.28141326, 8
48.2904857, 14.28014429, 175
48.29138368, 14.28022046, 90
48.29043355, 14.28148946, 246
48.29133154, 14.28156566, 51
48.2923338, 14.27895142, 15
48.29323179, 14.27902758, 21
48.29418189, 14.27775846, 15
48.29507988, 14.27783461, 8
48.29412977, 14.27910374, 177
48.29228167, 14.28029664, 179
48.29317965, 14.28037283, 69
48.29222952, 14.28164187, 1
48.2931275, 14.28171807, 1
48.29407764, 14.28044901, 198
48.30019402, 14.26207015, 140
48.29649816, 14.26445737, 41
48.29739616, 14.26453329, 18
48.29924409, 14.2633397, 6
48.30014209, 14.26341559, 6
48.30009015, 14.26476104, 4
48.30204193, 14.2608764, 15
48.30109202, 14.26214602, 45
48.30199001, 14.2622219, 142
48.30293992, 14.26095227, 102
48.30383792, 14.26102813, 10
48.30288801, 14.26229779, 231
48.30104009, 14.2634915, 110
48.30193808, 14.2635674, 26
48.30098814, 14.26483697, 12
48.29644621, 14.26580272, 32
48.2973442, 14.26587866, 84
48.2982422, 14.2659546, 20
48.29724024, 14.2685694, 20
48.29813823, 14.26864538, 5
48.29914019, 14.26603054, 1
48.30003819, 14.26610649, 98
48.29908822, 14.26737596, 66
48.29903622, 14.26872137, 58
48.29998621, 14.26745193, 45
48.29993422, 14.26879737, 2
48.29713621, 14.27126013, 269
48.29898422, 14.27006679, 13
48.29988221, 14.2701428, 54
48.29983018, 14.27148824, 41
48.30093618, 14.26618244, 55
48.3008842, 14.2675279, 17
48.30083221, 14.26887336, 2
48.3017302, 14.26894937, 61
48.30262819, 14.26902537, 4
48.3007802, 14.27021883, 52
48.30167819, 14.27029485, 41
48.30072817, 14.27156428, 4
48.30162616, 14.27164033, 3
48.30257618, 14.27037088, 92
48.30347417, 14.27044691, 106
48.30252415, 14.27171638, 13
48.30342214, 14.27179244, 106
48.31102188, 14.26163517, 67
48.31191987, 14.26171106, 49
48.31096996, 14.26298091, 15
48.31186795, 14.26305683, 123
48.30996807, 14.26559641, 247
48.31091802, 14.26432664, 21
48.31086606, 14.26567237, 23
48.31176405, 14.26574834, 89
48.30542614, 14.26656223, 5
48.30701409, 14.27209669, 38
48.30901811, 14.26686613, 3
48.3099161, 14.26694212, 107
48.30806813, 14.26813581, 31
48.30896612, 14.26821181, 29
48.30891412, 14.26955749, 10
48.30986411, 14.26828782, 5
48.3098121, 14.26963352, 179
48.31081409, 14.26701811, 6
48.31171208, 14.2670941, 12
48.3107621, 14.26836383, 19
48.31071009, 14.26970956, 135
48.31166009, 14.26843985, 83
48.31160808, 14.2697856, 11
48.3088621, 14.27090317, 171
48.30976008, 14.27097922, 82
48.30791207, 14.27217276, 73
48.30881006, 14.27224884, 8
48.30970805, 14.27232492, 35
48.31065807, 14.27105528, 15
48.31155606, 14.27113134, 131
48.31060603, 14.272401, 4
48.31150402, 14.27247709, 1
48.29613413, 14.27387477, 127
48.29703211, 14.27395084, 11
48.29977814, 14.27283367, 4
48.29972608, 14.2741791, 71
48.29608206, 14.2752201, 195
48.29698004, 14.2752962, 53
48.29787803, 14.27537231, 9
48.29602997, 14.27656543, 39
48.29782594, 14.27671768, 23
48.29877602, 14.27544841, 3
48.29872393, 14.27679382, 22
48.30067613, 14.27290974, 161
48.30157412, 14.27298581, 27
48.30062407, 14.27425519, 11
48.30152206, 14.27433129, 1
48.3024721, 14.27306189, 26
48.30337009, 14.27313797, 6
48.30242004, 14.27440739, 6
48.30331803, 14.27448349, 136
48.30057199, 14.27560064, 186
48.30146998, 14.27567676, 53
48.3005199, 14.27694609, 42
48.30141789, 14.27702224, 2
48.30236796, 14.27575289, 46
48.30326595, 14.27582901, 75
48.30231587, 14.27709838, 29
48.30321385, 14.27717453, 238
48.29597786, 14.27791075, 2
48.29687585, 14.2779869, 30
48.29777384, 14.27806306, 38
48.29592574, 14.27925608, 1
48.29682373, 14.27933225, 23
48.29772171, 14.27940843, 123
48.29867182, 14.27813921, 44
48.29956981, 14.27821537, 24
48.2986197, 14.27948461, 3
48.29951768, 14.27956079, 1
48.29587361, 14.2806014, 26
48.29677159, 14.2806776, 333
48.29766958, 14.2807538, 79
48.29582146, 14.28194672, 32
48.29671944, 14.28202294, 10
48.29856756, 14.28083, 244
48.2985154, 14.28217539, 89
48.29941339, 14.28225162, 44
48.30046779, 14.27829154, 21
48.30136578, 14.2783677, 41
48.30131365, 14.27971317, 21
48.30226376, 14.27844388, 97
48.30316174, 14.27852005, 75
48.30221163, 14.27978937, 4
48.30310961, 14.27986556, 43
48.30126151, 14.28105864, 31
48.30031137, 14.28232786, 19
48.30120935, 14.2824041, 105
48.30215949, 14.28113485, 40
48.30305747, 14.28121108, 7
48.30210733, 14.28248034, 51
48.30300531, 14.28255659, 13
48.30426808, 14.27321405, 165
48.30606405, 14.27336622, 9
48.30696204, 14.27344232, 68
48.30690997, 14.27478794, 29
48.30416393, 14.27590514, 100
48.30411184, 14.27725069, 167
48.30500982, 14.27732684, 7
48.30685789, 14.27613355, 13
48.30680579, 14.27747917, 1
48.30786002, 14.27351841, 21
48.30875801, 14.27359451, 80
48.30965599, 14.27367061, 7
48.30780795, 14.27486405, 80
48.30870594, 14.27494018, 161
48.30960392, 14.2750163, 48
48.31055398, 14.27374672, 103
48.31145196, 14.27382283, 4
48.3105019, 14.27509243, 175
48.31139989, 14.27516857, 149
48.30775587, 14.2762097, 166
48.30865385, 14.27628584, 7
48.30955183, 14.27636199, 7
48.30770377, 14.27755533, 21
48.30860175, 14.27763151, 20
48.30949973, 14.27770768, 260
48.31044982, 14.27643815, 13
48.3113478, 14.2765143, 1
48.31039771, 14.27778386, 2
48.31129569, 14.27786004, 13
48.30405972, 14.27859623, 259
48.30495771, 14.27867241, 6
48.3040076, 14.27994177, 21
48.30490558, 14.28001797, 30
48.30395545, 14.2812873, 168
48.30390329, 14.28263283, 11
48.30480127, 14.28270909, 53
48.30569925, 14.28278534, 82
48.30659722, 14.2828616, 4
48.30765165, 14.27890097, 3
48.30854963, 14.27897717, 1
48.30944761, 14.27905336, 12
48.3084975, 14.28032282, 139
48.30939548, 14.28039905, 26
48.31034559, 14.27912957, 10
48.31124357, 14.27920577, 22
48.31029346, 14.28047527, 62
48.31119143, 14.2805515, 61
48.30844535, 14.28166848, 8
48.30934332, 14.28174472, 98
48.3102413, 14.28182097, 28
48.31113928, 14.28189723, 43
48.31018913, 14.28316667, 108
48.31108711, 14.28324295, 21
48.28050353, 14.28199639, 263
48.28045136, 14.2833413, 19
48.28140152, 14.28207258, 2
48.28134935, 14.28341751, 12
48.28039918, 14.28468621, 172
48.28129717, 14.28476244, 21
48.28229951, 14.28214877, 2
48.28224734, 14.28349373, 97
48.2831975, 14.28222496, 4
48.28314533, 14.28356994, 30
48.28034698, 14.28603111, 42
48.28029476, 14.28737601, 55
48.28209073, 14.28752858, 7
48.28298872, 14.28760487, 35
48.28409548, 14.28230116, 68
48.28404331, 14.28364616, 48
48.28499347, 14.28237736, 128
48.2849413, 14.28372239, 19
48.28488911, 14.28506741, 13
48.28589146, 14.28245356, 7
48.28678944, 14.28252977, 254
48.28583928, 14.28379862, 117
48.28673727, 14.28387485, 10
48.28768743, 14.28260598, 87
48.28763526, 14.28395108, 116
48.2857871, 14.28514367, 69
48.28668508, 14.28521992, 27
48.28758306, 14.28529618, 21
48.28573489, 14.28648871, 104
48.28663287, 14.28656499, 145
48.28753086, 14.28664127, 2
48.28658065, 14.28791006, 93
48.28024253, 14.28872091, 25
48.28114051, 14.28879722, 3
48.28108826, 14.29014214, 25
48.2820385, 14.28887353, 17
48.28293648, 14.28894984, 2
48.28198625, 14.29021847, 32
48.28288423, 14.29029481, 6
48.281036, 14.29148706, 42
48.28098372, 14.29283197, 93
48.28193398, 14.29156341, 9
48.28283196, 14.29163977, 46
48.2818817, 14.29290835, 14
48.28277968, 14.29298474, 46
48.28378221, 14.29037115, 30
48.28372994, 14.29171614, 15
48.28462792, 14.29179251, 54
48.28367766, 14.29306112, 82
48.28457563, 14.29313752, 55
48.28547361, 14.29321391, 2
48.28858542, 14.2826822, 255
48.28853324, 14.28402732, 78
48.2894834, 14.28275841, 24
48.28943122, 14.28410356, 63
48.28848105, 14.28537244, 104
48.28937903, 14.28544871, 2
48.29038139, 14.28283464, 5
48.29032921, 14.28417981, 30
48.29127937, 14.28291086, 149
48.29122719, 14.28425605, 226
48.28842884, 14.28671756, 146
48.29112278, 14.28694644, 268
48.29107055, 14.28829162, 52
48.29217736, 14.28298709, 2
48.29212517, 14.28433231, 176
48.29307534, 14.28306332, 171
48.29302316, 14.28440856, 15
48.29207298, 14.28567752, 30
48.29297096, 14.2857538, 148
48.29392114, 14.28448482, 35
48.29481912, 14.28456108, 18
48.29386894, 14.28583008, 2
48.29476692, 14.28590637, 128
48.29202076, 14.28702274, 31
48.29291874, 14.28709904, 10
48.29196853, 14.28836795, 21
48.29286651, 14.28844427, 16
48.29381672, 14.28717535, 61
48.2947147, 14.28725166, 35
48.29376449, 14.2885206, 250
48.29466247, 14.28859694, 109
48.29191629, 14.28971316, 11
48.29281427, 14.28978951, 15
48.292762, 14.29113474, 74
48.29371224, 14.28986586, 53
48.29461022, 14.28994222, 2
48.29365998, 14.29121111, 98
48.29175945, 14.29374877, 48
48.2935554, 14.29390161, 25
48.2818294, 14.29425329, 7
48.28272737, 14.2943297, 6
48.28267506, 14.29567466, 24
48.28072206, 14.29955651, 25
48.28262272, 14.29701961, 16
48.28257037, 14.29836456, 51
48.28251801, 14.29970951, 8
48.28362535, 14.29440611, 121
48.28452333, 14.29448252, 10
48.28357303, 14.29575109, 9
48.28447101, 14.29582753, 57
48.28542131, 14.29455894, 189
48.28631929, 14.29463536, 71
48.28721726, 14.29471179, 1
48.28536899, 14.29590397, 12
48.28626696, 14.29598042, 41
48.28716494, 14.29605686, 238
48.2835207, 14.29709607, 23
48.28441868, 14.29717253, 118
48.28346835, 14.29844105, 218
48.28436632, 14.29851753, 8
48.28531665, 14.297249, 18
48.28621463, 14.29732547, 95
48.2871126, 14.29740194, 19
48.2852643, 14.29859402, 1
48.28616227, 14.29867051, 16
48.28521193, 14.29993904, 163
48.2861099, 14.30001556, 83
48.28706024, 14.29874701, 26
48.28700787, 14.30009208, 2
48.2797717, 14.30082489, 231
48.27971931, 14.30216977, 25
48.28061728, 14.30224631, 7
48.28156765, 14.30097794, 86
48.28246562, 14.30105446, 96
48.28151525, 14.30232286, 16
48.28241322, 14.30239941, 86
48.27966689, 14.30351464, 5
48.28056487, 14.3035912, 2
48.27961447, 14.30485951, 23
48.28146284, 14.30366778, 41
48.2833636, 14.30113099, 13
48.28426157, 14.30120753, 35
48.2833112, 14.30247596, 20
48.28420917, 14.30255252, 229
48.28515954, 14.30128406, 4
48.28605751, 14.3013606, 43
48.28695548, 14.30143715, 15
48.28510714, 14.30262908, 43
48.28600511, 14.30270564, 18
48.28690308, 14.30278221, 13
48.28415675, 14.30389751, 71
48.28320635, 14.30516589, 3
48.28410432, 14.3052425, 5
48.28505472, 14.30397409, 99
48.28595269, 14.30405068, 3
48.28685066, 14.30412727, 156
48.28590025, 14.30539572, 5
48.28679822, 14.30547233, 1
48.28806291, 14.29613332, 61
48.28896089, 14.29620977, 18
48.28801057, 14.29747842, 23
48.28890855, 14.29755489, 120
48.28795822, 14.29882351, 2
48.28790584, 14.3001686, 29
48.28885619, 14.29890001, 122
48.28880382, 14.30024513, 71
48.28980652, 14.29763138, 25
48.29070449, 14.29770786, 27
48.28975416, 14.29897652, 34
48.28970179, 14.30032166, 36
48.29065213, 14.29905303, 157
48.29170714, 14.29509396, 202
48.29260511, 14.29517041, 97
48.29165481, 14.29643916, 33
48.29255278, 14.29651563, 11
48.29350309, 14.29524686, 3
48.29440106, 14.29532331, 116
48.29345076, 14.2965921, 82
48.29434873, 14.29666858, 17
48.29160247, 14.29778435, 139
48.29250044, 14.29786085, 40
48.2915501, 14.29912954, 110
48.29149773, 14.30047473, 146
48.2923957, 14.30055127, 8
48.29339841, 14.29793734, 2
48.29429638, 14.29801384, 20
48.29334605, 14.29928258, 12
48.29329367, 14.30062782, 10
48.28785346, 14.30151369, 7
48.28875143, 14.30159025, 5
48.28780105, 14.30285878, 105
48.2896494, 14.3016668, 45
48.29054736, 14.30174336, 41
48.29049496, 14.30308852, 77
48.28774863, 14.30420387, 32
48.28769619, 14.30554895, 82
48.28859416, 14.30562557, 21
48.29044253, 14.30443367, 4
48.28949212, 14.3057022, 10
48.29039009, 14.30577883, 55
48.29144533, 14.30181992, 15
48.2923433, 14.30189648, 129
48.29139292, 14.3031651, 243
48.2913405, 14.30451028, 85
48.29128805, 14.30585546, 2
48.29218602, 14.3059321, 32
48.29313643, 14.30466351, 10
48.2940344, 14.30474013, 209
48.29308399, 14.30600874, 56
48.29398195, 14.30608538, 185
48.29576929, 14.28329203, 28
48.2957171, 14.28463735, 6
48.29666727, 14.28336828, 43
48.29756525, 14.28344453, 227
48.29661508, 14.28471362, 18
48.29751306, 14.28478989, 30
48.2956649, 14.28598266, 4
48.29656288, 14.28605895, 3
48.29746086, 14.28613525, 73
48.29846323, 14.28352078, 34
48.29841104, 14.28486617, 39
48.29936121, 14.28359704, 218
48.29930902, 14.28494244, 2
48.29835884, 14.28621155, 113
48.29925682, 14.28628785, 2
48.29561268, 14.28732797, 10
48.29651066, 14.28740428, 66
48.29740864, 14.2874806, 79
48.29556045, 14.28867327, 14
48.29645843, 14.28874961, 13
48.2973564, 14.28882596, 102
48.29830662, 14.28755693, 16
48.2992046, 14.28763326, 3
48.29825438, 14.28890231, 58
48.30025919, 14.28367329, 18
48.300207, 14.28501873, 19
48.30115717, 14.28374956, 20
48.30110498, 14.28509501, 207
48.30105277, 14.28644047, 13
48.30205515, 14.28382582, 217
48.30200296, 14.2851713, 4
48.30295313, 14.28390209, 30
48.30290094, 14.2852476, 7
48.30195075, 14.28651678, 28
48.30284873, 14.2865931, 94
48.30100055, 14.28778592, 81
48.30005033, 14.28905501, 23
48.30094831, 14.28913137, 91
48.30189852, 14.28786226, 4
48.3027965, 14.2879386, 75
48.30184628, 14.28920773, 36
48.30274426, 14.28928409, 87
48.2955082, 14.29001858, 38
48.29640617, 14.29009494, 15
48.29730415, 14.29017131, 34
48.29635391, 14.29144027, 25
48.29725188, 14.29151666, 17
48.29820213, 14.29024768, 6
48.2991001, 14.29032406, 75
48.29814986, 14.29159305, 33
48.29904783, 14.29166945, 115
48.29540365, 14.29270918, 40
48.29630162, 14.29278559, 7
48.2971996, 14.29286201, 8
48.29535135, 14.29405447, 169
48.29624932, 14.29413091, 199
48.29714729, 14.29420735, 30
48.29809757, 14.29293842, 34
48.29899554, 14.29301485, 35
48.29804527, 14.29428379, 6
48.29894324, 14.29436024, 148
48.29999808, 14.29040043, 125
48.30089605, 14.29047682, 7
48.2999458, 14.29174585, 14
48.30084378, 14.29182226, 73
48.30179403, 14.2905532, 33
48.30174175, 14.29189867, 46
48.30263972, 14.29197508, 4
48.29989352, 14.29309127, 30
48.30079149, 14.2931677, 42
48.29984121, 14.29443669, 141
48.30073918, 14.29451314, 63
48.30168946, 14.29324413, 63
48.30258743, 14.29332057, 57
48.30163715, 14.2945896, 33
48.30253512, 14.29466606, 15
48.30474909, 14.28405464, 67
48.30469689, 14.28540019, 2
48.3037467, 14.28666942, 48
48.30464468, 14.28674574, 11
48.30564707, 14.28413092, 41
48.30559487, 14.2854765, 67
48.30654504, 14.2842072, 20
48.30554265, 14.28682207, 92
48.30644063, 14.2868984, 99
48.30369448, 14.28801494, 27
48.30459245, 14.28809129, 3
48.30364223, 14.28936046, 30
48.30454021, 14.28943683, 78
48.30549043, 14.28816764, 1
48.3063884, 14.288244, 186
48.30543818, 14.28951321, 140
48.30633615, 14.28958959, 13
48.31013695, 14.28451237, 17
48.31103492, 14.28458867, 7
48.31098272, 14.28593439, 38
48.30728637, 14.28832035, 90
48.30818435, 14.28839671, 216
48.30723412, 14.28966597, 4
48.3081321, 14.28974235, 88
48.30358997, 14.29070598, 86
48.30448794, 14.29078238, 26
48.3035377, 14.2920515, 31
48.30443567, 14.29212792, 30
48.30538592, 14.29085877, 25
48.30628389, 14.29093518, 66
48.30533364, 14.29220434, 116
48.30623161, 14.29228076, 140
48.3034854, 14.29339701, 28
48.30438337, 14.29347345, 168
48.30343309, 14.29474252, 3
48.30433106, 14.29481899, 11
48.30617931, 14.29362635, 55
48.30522903, 14.29489546, 41
48.306127, 14.29497193, 24
48.30718186, 14.29101158, 31
48.30807983, 14.29108799, 4
48.30712958, 14.29235719, 173
48.30802755, 14.29243363, 220
48.30707728, 14.2937028, 240
48.30797525, 14.29377926, 223
48.30887322, 14.29385572, 28
48.30702497, 14.29504841, 5
48.30792294, 14.29512489, 2
48.3088209, 14.29520137, 38
48.30977119, 14.29393218, 4
48.30971887, 14.29527786, 3
48.31061684, 14.29535435, 101
48.29529903, 14.29539977, 78
48.296197, 14.29547623, 20
48.29709498, 14.29555269, 59
48.29614467, 14.29682154, 60
48.29704264, 14.29689803, 36
48.29799295, 14.29562916, 12
48.29889092, 14.29570563, 2
48.29794061, 14.29697452, 126
48.29883858, 14.29705101, 160
48.29609232, 14.29816685, 71
48.29699029, 14.29824337, 26
48.29693792, 14.2995887, 40
48.29788826, 14.29831988, 168
48.29878623, 14.2983964, 5
48.29783589, 14.29966524, 58
48.29778351, 14.30101059, 2
48.29873386, 14.29974178, 29
48.29868147, 14.30108716, 28
48.29978889, 14.2957821, 148
48.30068686, 14.29585858, 8
48.29973655, 14.29712751, 57
48.30063452, 14.29720401, 83
48.30158483, 14.29593506, 14
48.3024828, 14.29601154, 6
48.30153249, 14.29728051, 16
48.30243046, 14.29735702, 11
48.2996842, 14.29847292, 8
48.30058216, 14.29854944, 40
48.29963183, 14.29981832, 4
48.30052979, 14.29989487, 40
48.30148013, 14.29862597, 55
48.3023781, 14.2987025, 4
48.30142776, 14.29997142, 148
48.30137537, 14.30131687, 16
48.30232573, 14.30004798, 14
48.29487991, 14.30616203, 223
48.29667584, 14.30631533, 127
48.2975738, 14.30639199, 179
48.29952704, 14.30250913, 22
48.300425, 14.30258572, 84
48.29947462, 14.30385452, 13
48.30037258, 14.30393114, 97
48.30132297, 14.30266232, 102
48.30127054, 14.30400777, 16
48.30032014, 14.30527656, 1
48.30121811, 14.30535321, 60
48.30338077, 14.29608803, 68
48.30427874, 14.29616452, 140
48.30332842, 14.29743353, 121
48.30422639, 14.29751005, 2
48.3051767, 14.29624101, 22
48.30607467, 14.29631751, 3
48.30512436, 14.29758657, 24
48.30602233, 14.29766309, 157
48.30327607, 14.29877904, 42
48.30417403, 14.29885557, 2
48.30322369, 14.30012454, 29
48.30412166, 14.3002011, 45
48.30406926, 14.30154662, 3
48.305072, 14.29893212, 22
48.30501962, 14.30027766, 134
48.30496723, 14.30162321, 17
48.30591759, 14.30035423, 27
48.30586519, 14.3016998, 5
48.30697264, 14.29639401, 10
48.3078706, 14.29647051, 208
48.30876857, 14.29654702, 27
48.30692029, 14.29773961, 34
48.30781826, 14.29781614, 76
48.30871622, 14.29789267, 73
48.30966654, 14.29662353, 64
48.3105645, 14.29670005, 154
48.30961419, 14.29796921, 70
48.31051215, 14.29804574, 125
48.30776589, 14.29916176, 4
48.30866386, 14.29923832, 24
48.30681555, 14.3004308, 104
48.30676315, 14.3017764, 11
48.30766112, 14.301853, 113
48.30861148, 14.30058396, 202
48.30855908, 14.3019296, 8
48.30956182, 14.29931488, 6
48.31045978, 14.29939144, 85
48.30950944, 14.30066054, 51
48.30945704, 14.30200621, 3
48.3104074, 14.30073713, 45
48.310355, 14.30208282, 22
48.30491482, 14.30296875, 54
48.30581278, 14.30304537, 265
48.30486239, 14.30431429, 34
48.30576035, 14.30439093, 8
48.30570791, 14.30573649, 27
48.30475749, 14.30700536, 1
48.30671074, 14.30312199, 28
48.3076087, 14.30319861, 23
48.30850666, 14.30327524, 5
48.30665831, 14.30446758, 284
48.30755627, 14.30454422, 22
48.30845423, 14.30462087, 220
48.30940462, 14.30335187, 9
48.31030258, 14.3034285, 14
48.30935219, 14.30469753, 41
48.31025015, 14.30477419, 22
48.30840179, 14.30596651, 8
48.30929975, 14.30604319, 25
48.30924728, 14.30738884, 10
48.31281787, 14.26178696, 80
48.31371586, 14.26186286, 137
48.31366393, 14.26320867, 93
48.31461385, 14.26193877, 11
48.31551184, 14.26201468, 9
48.31456192, 14.2632846, 168
48.31545991, 14.26336054, 30
48.31361199, 14.26455448, 28
48.31356003, 14.26590029, 208
48.31540797, 14.26470639, 55
48.31640983, 14.26209059, 168
48.3163579, 14.26343647, 66
48.31725589, 14.26351241, 90
48.31815388, 14.26358836, 189
48.31905187, 14.2636643, 158
48.31630596, 14.26478235, 8
48.31720395, 14.26485831, 274
48.31625399, 14.26612823, 252
48.31715198, 14.26620421, 43
48.31899992, 14.26501025, 75
48.31989791, 14.26508623, 15
48.31804997, 14.2662802, 158
48.31984594, 14.2664322, 24
48.31261006, 14.26717009, 90
48.31350805, 14.26724609, 95
48.31255807, 14.26851587, 217
48.31250606, 14.26986164, 6
48.31345606, 14.26859189, 113
48.31340405, 14.26993768, 48
48.31430204, 14.27001373, 89
48.31525203, 14.26874394, 97
48.31520002, 14.27008978, 131
48.31245404, 14.27120741, 10
48.31335203, 14.27128348, 10
48.312402, 14.27255318, 96
48.31329998, 14.27262927, 23
48.31425001, 14.27135955, 35
48.31514799, 14.27143563, 120
48.31419797, 14.27270537, 27
48.31509595, 14.27278147, 167
48.31620201, 14.2674741, 2
48.3171, 14.26755011, 44
48.31615002, 14.26881997, 55
48.31609801, 14.27016584, 1
48.317048, 14.26889601, 1
48.31699599, 14.2702419, 25
48.31799799, 14.26762613, 114
48.31979396, 14.26777817, 136
48.31604598, 14.27151171, 52
48.31694396, 14.27158779, 145
48.31599393, 14.27285757, 26
48.31689191, 14.27293368, 5
48.31784194, 14.27166387, 9
48.31958586, 14.27316202, 182
48.32269576, 14.26262207, 61
48.32322983, 14.27212046, 157
48.32317778, 14.27346652, 29
48.32597581, 14.27100268, 187
48.32497373, 14.27361879, 11
48.32682175, 14.27242492, 4
48.32676969, 14.27377107, 68
48.31234994, 14.27389894, 11
48.31324793, 14.27397506, 58
48.31229787, 14.27524471, 53
48.31319585, 14.27532085, 245
48.31414591, 14.27405118, 60
48.31504389, 14.2741273, 1
48.31409383, 14.27539699, 206
48.31499181, 14.27547314, 9
48.31224578, 14.27659047, 81
48.31314376, 14.27666663, 93
48.31219367, 14.27793622, 47
48.31309165, 14.27801241, 32
48.31404174, 14.2767428, 13
48.31493972, 14.27681897, 65
48.31398963, 14.2780886, 124
48.31488761, 14.2781648, 48
48.31594187, 14.27420343, 31
48.31683985, 14.27427956, 118
48.31588979, 14.27554929, 8
48.31678777, 14.27562544, 11
48.31773783, 14.27435569, 138
48.31863581, 14.27443183, 51
48.31953379, 14.27450797, 10
48.31768575, 14.2757016, 170
48.31858373, 14.27577776, 3
48.31948171, 14.27585392, 42
48.3158377, 14.27689514, 27
48.31673568, 14.27697132, 169
48.31578559, 14.278241, 42
48.31668357, 14.2783172, 2
48.31763366, 14.2770475, 11
48.31942961, 14.27719988, 69
48.31758154, 14.2783934, 10
48.31847952, 14.27846961, 13
48.3193775, 14.27854582, 54
48.31303953, 14.27935819, 125
48.31208941, 14.28062773, 152
48.31298739, 14.28070397, 30
48.31393751, 14.27943441, 62
48.31483548, 14.27951062, 3
48.31388537, 14.28078021, 9
48.31478334, 14.28085645, 85
48.31203726, 14.28197348, 27
48.31293523, 14.28204974, 13
48.31198508, 14.28331923, 35
48.31288306, 14.28339551, 186
48.31383321, 14.282126, 179
48.31473118, 14.28220227, 29
48.31378103, 14.2834718, 5
48.31467901, 14.28354809, 11
48.31573346, 14.27958685, 60
48.31663144, 14.27966307, 20
48.31568132, 14.2809327, 4
48.31657929, 14.28100894, 197
48.31752942, 14.2797393, 197
48.31842739, 14.27981553, 216
48.31932537, 14.27989177, 19
48.31747727, 14.2810852, 13
48.31837524, 14.28116145, 103
48.31927322, 14.28123771, 17
48.31562916, 14.28227854, 94
48.31652713, 14.28235481, 47
48.31557698, 14.28362438, 70
48.31647496, 14.28370068, 9
48.31742511, 14.28243109, 11
48.31832308, 14.28250737, 13
48.31922106, 14.28258365, 41
48.31737293, 14.28377698, 149
48.3182709, 14.28385329, 3
48.31916887, 14.28392959, 7
48.32043177, 14.27458412, 174
48.32127767, 14.27600626, 19
48.32032759, 14.27727607, 36
48.32122557, 14.27735226, 78
48.32027547, 14.27862204, 63
48.32117345, 14.27869826, 60
48.32207142, 14.27877448, 114
48.3229694, 14.27885071, 23
48.3239716, 14.2762348, 123
48.32671762, 14.27511722, 48
48.32576755, 14.27638717, 11
48.32666552, 14.27646336, 19
48.32481747, 14.27765708, 90
48.32386737, 14.27892694, 124
48.32476535, 14.27900317, 2
48.32661342, 14.27780951, 67
48.32656129, 14.27915565, 233
48.32022334, 14.27996801, 55
48.32017119, 14.28131398, 17
48.32106917, 14.28139024, 196
48.32201929, 14.2801205, 28
48.32291726, 14.28019675, 1
48.32196714, 14.28146651, 133
48.32286511, 14.28154279, 1
48.32011903, 14.28265994, 4
48.321017, 14.28273623, 21
48.32006685, 14.2840059, 5
48.32096482, 14.28408222, 50
48.32191497, 14.28281253, 3
48.32281294, 14.28288882, 38
48.32186279, 14.28415854, 180
48.32276076, 14.28423486, 20
48.32381524, 14.280273, 124
48.32471321, 14.28034926, 14
48.32376308, 14.28161906, 2
48.32466106, 14.28169535, 5
48.32561118, 14.28042552, 51
48.32650915, 14.28050178, 108
48.32555903, 14.28177163, 32
48.326457, 14.28184792, 288
48.32371092, 14.28296512, 213
48.32460889, 14.28304143, 94
48.3245567, 14.28438751, 161
48.32550686, 14.28311774, 92
48.32640483, 14.28319405, 11
48.32635264, 14.28454018, 18
48.32882578, 14.26719236, 22
48.32977574, 14.26592216, 9
48.33067372, 14.26599818, 63
48.32972376, 14.2672684, 31
48.3324177, 14.26749652, 36
48.3278758, 14.26846251, 1
48.32877378, 14.26853857, 114
48.32782379, 14.26980869, 9
48.32777177, 14.27115487, 3
48.32872177, 14.26988477, 162
48.32866975, 14.27123098, 6
48.33146772, 14.26876676, 27
48.33051773, 14.27003694, 60
48.3304657, 14.27138319, 104
48.33141571, 14.27011303, 80
48.33136368, 14.27145931, 28
48.32771973, 14.27250105, 156
48.3286177, 14.27257718, 17
48.32766767, 14.27384722, 221
48.32856564, 14.27392337, 20
48.33041366, 14.27272944, 209
48.33131163, 14.27280558, 31
48.32946362, 14.27399953, 65
48.3303616, 14.27407569, 29
48.33125957, 14.27415185, 116
48.3323657, 14.26884283, 108
48.33231369, 14.27018913, 156
48.33226166, 14.27153542, 2
48.33321167, 14.27026522, 99
48.33315963, 14.27161155, 186
48.33500762, 14.27041743, 9
48.33220961, 14.27288172, 7
48.33595762, 14.26914714, 10
48.33759746, 14.27333864, 34
48.33754539, 14.27468507, 18
48.34129345, 14.27095025, 39
48.34034343, 14.27222063, 17
48.3412414, 14.27229679, 1
48.3393934, 14.27349097, 170
48.33934133, 14.27483746, 4
48.3402393, 14.27491365, 23
48.34293321, 14.27514226, 43
48.32761559, 14.27519339, 8
48.32851357, 14.27526957, 2
48.3275635, 14.27653956, 120
48.32846147, 14.27661576, 138
48.32941154, 14.27534575, 9
48.33030952, 14.27542193, 20
48.33120749, 14.27549811, 297
48.32935945, 14.27669196, 116
48.33115539, 14.27684438, 2
48.32751139, 14.27788573, 86
48.32840937, 14.27796195, 38
48.32745927, 14.27923189, 25
48.32835724, 14.27930814, 6
48.32930734, 14.27803817, 117
48.32925521, 14.27938439, 25
48.33015318, 14.27946064, 102
48.33105115, 14.2795369, 131
48.33205337, 14.27692059, 161
48.33464303, 14.27984196, 1
48.32740713, 14.28057805, 8
48.3283051, 14.28065432, 6
48.32735497, 14.28192421, 75
48.32825294, 14.2820005, 49
48.32920307, 14.28073059, 8
48.33010104, 14.28080687, 94
48.33099901, 14.28088315, 10
48.32915091, 14.2820768, 132
48.33004888, 14.2821531, 84
48.33094685, 14.28222941, 62
48.3273028, 14.28327036, 5
48.32820077, 14.28334668, 8
48.32725061, 14.28461652, 1
48.32814857, 14.28469286, 47
48.32909873, 14.283423, 8
48.3299967, 14.28349933, 7
48.32904654, 14.2847692, 15
48.32994451, 14.28484555, 273
48.33274278, 14.28238203, 17
48.33179264, 14.28365199, 71
48.3326906, 14.28372832, 135
48.33174044, 14.28499826, 65
48.33263841, 14.28507462, 1
48.33358857, 14.28380466, 16
48.33353637, 14.28515098, 276
48.33833916, 14.27745417, 39
48.33559314, 14.27857185, 14
48.33823491, 14.28014708, 10
48.3401351, 14.27760666, 148
48.34103307, 14.27768291, 5
48.33918501, 14.27887689, 18
48.33913287, 14.28022336, 61
48.34182677, 14.28045225, 224
48.33633465, 14.28268731, 33
48.33728479, 14.28141721, 96
48.33818275, 14.28149352, 15
48.33723262, 14.28276363, 116
48.33813058, 14.28283997, 131
48.3353845, 14.28395735, 167
48.33628247, 14.2840337, 2
48.3353323, 14.28530372, 16
48.33623027, 14.28538009, 103
48.33718043, 14.28411005, 3
48.3380784, 14.28418641, 3
48.33712823, 14.28545647, 3
48.34087665, 14.28172247, 21
48.33902855, 14.2829163, 2
48.34082448, 14.28306898, 2
48.33897636, 14.28426277, 76
48.33987432, 14.28433913, 67
48.34167025, 14.28449187, 44
48.34161804, 14.2858384, 78
48.3119329, 14.28466497, 45
48.31283087, 14.28474128, 8
48.31277867, 14.28608705, 6
48.31272644, 14.28743281, 269
48.31372884, 14.28481759, 10
48.31367664, 14.28616338, 195
48.31462682, 14.28489391, 154
48.31457461, 14.28623972, 96
48.31362441, 14.28750917, 87
48.31452239, 14.28758553, 81
48.31357218, 14.28885496, 164
48.31447015, 14.28893134, 1
48.31547258, 14.28631606, 31
48.31542036, 14.2876619, 49
48.31631833, 14.28773827, 67
48.31732074, 14.28512287, 58
48.31726852, 14.28646876, 266
48.31821871, 14.2851992, 185
48.31911668, 14.28527553, 78
48.3181665, 14.28654511, 124
48.31906447, 14.28662146, 62
48.31901224, 14.28796739, 12
48.31536812, 14.28900773, 170
48.31531586, 14.29035356, 19
48.31621383, 14.29042998, 53
48.31895999, 14.28931332, 18
48.31800976, 14.29058282, 95
48.31890773, 14.29065925, 40
48.31705952, 14.29185227, 11
48.31795748, 14.29192872, 6
48.31885545, 14.29200517, 40
48.31880315, 14.29335109, 5
48.32001465, 14.28535186, 4
48.31996243, 14.28669782, 6
48.32091262, 14.2854282, 29
48.3208604, 14.28677418, 20
48.3199102, 14.28804378, 45
48.32080817, 14.28812016, 24
48.32181059, 14.28550454, 21
48.32175837, 14.28685055, 23
48.32270856, 14.28558089, 7
48.32265634, 14.28692692, 90
48.32170614, 14.28819655, 48
48.31985796, 14.28938973, 152
48.32075592, 14.28946614, 164
48.31980569, 14.29073568, 19
48.32070366, 14.29081211, 2
48.32630043, 14.2858863, 6
48.32339756, 14.29104143, 105
48.32429552, 14.29111788, 8
48.31975341, 14.29208162, 80
48.32065138, 14.29215808, 139
48.31970112, 14.29342757, 9
48.32059908, 14.29350405, 77
48.32154934, 14.29223454, 73
48.32244731, 14.29231101, 22
48.32149705, 14.29358053, 22
48.31964881, 14.29477351, 30
48.32054677, 14.29485002, 1
48.32144473, 14.29492652, 4
48.32234269, 14.29500304, 21
48.32334527, 14.29238747, 37
48.32329297, 14.29373351, 2
48.32324066, 14.29507955, 6
48.31230808, 14.29819883, 43
48.31135775, 14.299468, 109
48.31130536, 14.30081372, 26
48.31125296, 14.30215943, 65
48.31220332, 14.30089031, 222
48.31215092, 14.30223605, 162
48.31315367, 14.29962115, 71
48.31310128, 14.30096691, 18
48.31304888, 14.30231267, 6
48.31399925, 14.30104351, 17
48.31505432, 14.29708267, 28
48.31489721, 14.30112011, 50
48.3148448, 14.30246592, 7
48.31120054, 14.30350514, 7
48.31204607, 14.30492751, 10
48.31109566, 14.30619655, 53
48.31199362, 14.30627324, 216
48.31104319, 14.30754225, 109
48.31194115, 14.30761897, 120
48.31289157, 14.30634993, 2
48.31378953, 14.30642663, 32
48.31283911, 14.30769568, 13
48.31373706, 14.3077724, 64
48.31473994, 14.30515753, 130
48.3156379, 14.30523421, 11
48.31838421, 14.30411836, 23
48.31653585, 14.30531089, 28
48.31743381, 14.30538757, 141
48.31833176, 14.30546426, 9
48.31468749, 14.30650333, 2
48.31558544, 14.30658003, 17
48.31463502, 14.30784912, 237
48.31553297, 14.30792585, 121
48.3164834, 14.30665673, 25
48.31738135, 14.30673344, 208
48.3182793, 14.30681016, 103
48.31643092, 14.30800258, 229
48.31732888, 14.30807931, 30
48.31822683, 14.30815605, 11
48.31933459, 14.30284911, 2
48.32487952, 14.29927083, 7
48.32572509, 14.30069353, 139
48.32567269, 14.30203962, 5
48.32562027, 14.30338572, 128
48.31922972, 14.30554095, 115
48.31917726, 14.30688687, 74
48.32002273, 14.30830953, 15
48.3271984, 14.28596267, 1
48.32714618, 14.28730881, 174
48.32809637, 14.28603903, 1
48.32804414, 14.2873852, 151
48.32899433, 14.2861154, 37
48.3298923, 14.28619177, 17
48.32894211, 14.2874616, 2
48.32984007, 14.28753799, 4
48.33079026, 14.28626815, 141
48.33073804, 14.28761439, 180
48.32888987, 14.28880779, 178
48.32978783, 14.28888421, 182
48.33068579, 14.28896063, 137
48.33063353, 14.29030687, 209
48.33168823, 14.28634453, 13
48.331636, 14.2876908, 33
48.33258619, 14.28642091, 30
48.33253397, 14.2877672, 72
48.33158376, 14.28903706, 4
48.33248172, 14.28911349, 4
48.33348416, 14.2864973, 51
48.33343193, 14.28784361, 111
48.33438212, 14.28657369, 19
48.33432989, 14.28792003, 104
48.33337968, 14.28918993, 55
48.33427764, 14.28926636, 35
48.3315315, 14.29038332, 6
48.33242946, 14.29045978, 105
48.33147922, 14.29172958, 57
48.33332742, 14.29053624, 326
48.33422538, 14.2906127, 5
48.33327514, 14.29188254, 29
48.3341731, 14.29195903, 72
48.33037199, 14.29703803, 142
48.3341208, 14.29330536, 146
48.33406849, 14.29465168, 46
48.33222025, 14.2958449, 27
48.33126995, 14.2971146, 156
48.3321679, 14.29719117, 23
48.33401616, 14.29599801, 131
48.33306586, 14.29726775, 27
48.33396381, 14.29734433, 18
48.33528009, 14.28665008, 53
48.33522785, 14.28799645, 110
48.33617805, 14.28672648, 73
48.33612582, 14.28807287, 16
48.33517561, 14.28934281, 51
48.33607357, 14.28941925, 7
48.33707601, 14.28680288, 1
48.33702378, 14.28814929, 1
48.33792174, 14.28822572, 9
48.33697153, 14.2894957, 16
48.33786949, 14.28957215, 6
48.33512334, 14.29068916, 2
48.3360213, 14.29076563, 13
48.33507106, 14.29203552, 8
48.33596902, 14.29211201, 6
48.33691926, 14.2908421, 3
48.33781722, 14.29091858, 41
48.33686698, 14.29218851, 22
48.33776493, 14.29226501, 49
48.33876745, 14.28964861, 14
48.33966541, 14.28972506, 8
48.34056337, 14.28980153, 6
48.33871518, 14.29099506, 21
48.33961314, 14.29107154, 69
48.34051109, 14.29114803, 95
48.33866289, 14.29234151, 2
48.33956085, 14.29241801, 92
48.34045881, 14.29249452, 23
48.34140905, 14.29122452, 19
48.34225472, 14.29264755, 3
48.33501876, 14.29338187, 319
48.33591672, 14.29345839, 31
48.33496645, 14.29472822, 140
48.3358644, 14.29480476, 2
48.33681468, 14.29353491, 100
48.33771263, 14.29361143, 26
48.33676236, 14.2948813, 96
48.33766032, 14.29495785, 1
48.33491412, 14.29607457, 48
48.33581207, 14.29615113, 29
48.33486177, 14.29742091, 1
48.33575972, 14.2974975, 2
48.33671003, 14.2962277, 5
48.33760798, 14.29630427, 5
48.33665768, 14.29757409, 259
48.33755563, 14.29765069, 110
48.33861059, 14.29368796, 52
48.33950855, 14.29376449, 69
48.3404065, 14.29384102, 56
48.33855827, 14.2950344, 24
48.33945623, 14.29511096, 201
48.34035418, 14.29518751, 175
48.34130446, 14.29391756, 2
48.34220241, 14.2939941, 5
48.34125213, 14.29526407, 30
48.34215009, 14.29534064, 31
48.33850594, 14.29638084, 103
48.33940389, 14.29645742, 19
48.34030184, 14.296534, 58
48.33845359, 14.29772728, 18
48.33935154, 14.29780389, 3
48.34024949, 14.29788049, 21
48.3411998, 14.29661059, 13
48.34209775, 14.29668718, 1
48.34114744, 14.2979571, 116
48.32667544, 14.29942403, 1
48.32757339, 14.29950063, 42
48.33031963, 14.29838425, 60
48.32847135, 14.29957724, 214
48.3293693, 14.29965385, 169
48.33026726, 14.29973047, 111
48.32662305, 14.30077015, 75
48.327521, 14.30084678, 15
48.32657065, 14.30211627, 59
48.32651823, 14.30346239, 17
48.3274686, 14.30219292, 55
48.32741618, 14.30353907, 52
48.32841896, 14.30092341, 25
48.33021487, 14.30107669, 23
48.32836655, 14.30226958, 1
48.32926451, 14.30234624, 15
48.32831413, 14.30361575, 3
48.32921209, 14.30369243, 103
48.33016246, 14.3024229, 61
48.33011004, 14.30376911, 4
48.33121759, 14.29846084, 2
48.33211554, 14.29853744, 4
48.33116521, 14.29980709, 273
48.33206317, 14.29988371, 78
48.3330135, 14.29861404, 173
48.33391145, 14.29869065, 11
48.33296112, 14.29996033, 2
48.33385907, 14.30003696, 128
48.33111282, 14.30115333, 14
48.33201077, 14.30122997, 26
48.33106041, 14.30249957, 46
48.33100799, 14.3038458, 34
48.33195836, 14.30257624, 74
48.33190594, 14.3039225, 1
48.33285632, 14.30265291, 45
48.33280389, 14.30399919, 6
48.32646579, 14.3048085, 88
48.32736374, 14.3048852, 27
48.32731129, 14.30623134, 54
48.3282617, 14.30496191, 139
48.32915965, 14.30503861, 10
48.3300576, 14.30511532, 77
48.32820924, 14.30630807, 1
48.32910719, 14.3063848, 148
48.33000514, 14.30646153, 2
48.32815677, 14.30765423, 30
48.32905472, 14.30773098, 157
48.32995267, 14.30780774, 123
48.32810428, 14.30900038, 39
48.32900223, 14.30907716, 2
48.32990018, 14.30915394, 1
48.33095555, 14.30519204, 32
48.3318535, 14.30526876, 31
48.33090309, 14.30653827, 12
48.33180104, 14.30661501, 18
48.33275145, 14.30534548, 16
48.3336494, 14.3054222, 16
48.33269899, 14.30669175, 19
48.33359693, 14.3067685, 18
48.33085062, 14.3078845, 24
48.33174856, 14.30796126, 97
48.33079813, 14.30923072, 41
48.33169607, 14.30930751, 13
48.33354446, 14.3081148, 2
48.33259402, 14.30938431, 15
48.33349196, 14.3094611, 114
48.33480941, 14.29876725, 1
48.33570736, 14.29884387, 225
48.33475703, 14.30011359, 97
48.33565498, 14.30019023, 65
48.33660531, 14.29892048, 186
48.33750327, 14.2989971, 87
48.33655293, 14.30026687, 6
48.33745088, 14.30034351, 79
48.33470463, 14.30145993, 182
48.33560258, 14.30153659, 29
48.33555017, 14.30288295, 111
48.33549774, 14.3042293, 243
48.33650053, 14.30161325, 113
48.33739848, 14.30168992, 8
48.33644812, 14.30295964, 1
48.33639569, 14.30430602, 13
48.33734607, 14.30303633, 14
48.33729364, 14.30438273, 9
48.33840122, 14.29907372, 24
48.33929917, 14.29915035, 18
48.34019712, 14.29922698, 206
48.33834883, 14.30042016, 73
48.33924678, 14.30049681, 140
48.34014473, 14.30057346, 165
48.34199302, 14.29938024, 1
48.34194063, 14.30072677, 25
48.33829643, 14.30176659, 69
48.33919438, 14.30184326, 24
48.34009233, 14.30191994, 30
48.33824402, 14.30311302, 6
48.33819158, 14.30445945, 105
48.33914196, 14.30318972, 67
48.33908953, 14.30453617, 23
48.33454734, 14.30549893, 82
48.33544529, 14.30557566, 74
48.33449488, 14.30684525, 29
48.33539283, 14.30692201, 94
48.33634324, 14.30565239, 90
48.33724119, 14.30572913, 38
48.33629078, 14.30699877, 39
48.33718872, 14.30707553, 17
48.3344424, 14.30819158, 146
48.33534035, 14.30826836, 60
48.33438991, 14.3095379, 13
48.33528785, 14.3096147, 116
48.3362383, 14.30834514, 118
48.33713624, 14.30842192, 76
48.3361858, 14.30969151, 41
48.33708374, 14.30976832, 14
48.33813913, 14.30580587, 76
48.33903708, 14.30588262, 144
48.33808667, 14.30715229, 160
48.3407805, 14.30738261, 16
48.34167845, 14.30745939, 24
48.27956202, 14.30620437, 11
48.27950956, 14.30754924, 2
48.27945708, 14.3088941, 62
48.27940459, 14.31023896, 2
48.28030255, 14.31031564, 115
48.28125302, 14.30904743, 16
48.2831539, 14.30651085, 111
48.28405187, 14.30658748, 89
48.2858478, 14.30674075, 17
48.28674577, 14.30681739, 28
48.28579533, 14.30808578, 43
48.28304895, 14.30920077, 79
48.28299645, 14.31054572, 35
48.27935208, 14.31158381, 136
48.28025004, 14.31166052, 56
48.27929955, 14.31292866, 10
48.28019751, 14.3130054, 6
48.28114801, 14.31173723, 8
48.28109548, 14.31308214, 14
48.28764373, 14.30689403, 26
48.28943967, 14.30704733, 156
48.29033763, 14.30712398, 5
48.2893347, 14.30973757, 6
48.2912356, 14.30720064, 1
48.29213356, 14.3072773, 3
48.29118312, 14.30854581, 8
48.29208108, 14.30862249, 92
48.29303152, 14.30735396, 124
48.29392949, 14.30743063, 3
48.29297905, 14.30869918, 19
48.29387701, 14.30877587, 40
48.29202859, 14.30996769, 66
48.29292655, 14.3100444, 30
48.29287404, 14.31138961, 114
48.293772, 14.31146635, 65
48.2900751, 14.3138497, 78
48.29002254, 14.31519484, 30
48.28996997, 14.31653997, 264
48.28901942, 14.31780826, 29
48.29192356, 14.31265807, 29
48.29097305, 14.31392648, 232
48.29187101, 14.31400325, 28
48.29282152, 14.31273483, 94
48.29371947, 14.31281159, 86
48.29276897, 14.31408004, 202
48.29366693, 14.31415682, 9
48.2909205, 14.31527164, 87
48.29086792, 14.31661679, 28
48.29181846, 14.31534844, 9
48.29176588, 14.31669362, 21
48.29081533, 14.31796195, 16
48.29171329, 14.3180388, 59
48.29271641, 14.31542524, 73
48.29266384, 14.31677045, 38
48.29361437, 14.31550205, 9
48.29356179, 14.31684728, 4
48.28801624, 14.32042158, 10
48.28981215, 14.32057536, 2
48.28706565, 14.32168975, 117
48.28796361, 14.32176665, 5
48.2907101, 14.32065225, 5
48.29482745, 14.3075073, 158
48.29572541, 14.30758397, 134
48.29662338, 14.30766065, 22
48.29567293, 14.30892926, 213
48.29657089, 14.30900596, 60
48.29752134, 14.30773733, 5
48.2984193, 14.30781401, 24
48.29746885, 14.30908267, 153
48.29836681, 14.30915938, 14
48.29472247, 14.31019783, 103
48.29562043, 14.31027455, 87
48.29651839, 14.31035128, 354
48.29466996, 14.31154309, 28
48.29556792, 14.31161984, 3
48.29646588, 14.31169659, 2
48.29741635, 14.310428, 18
48.29831431, 14.31050474, 214
48.29736384, 14.31177334, 9
48.30021522, 14.30796739, 9
48.29926477, 14.30923609, 50
48.30016273, 14.3093128, 24
48.30111318, 14.30804408, 6
48.30201114, 14.30812078, 107
48.30106069, 14.30938952, 41
48.30195865, 14.30946624, 27
48.29921227, 14.31058147, 80
48.30011023, 14.31065821, 17
48.29915975, 14.31192685, 7
48.30005771, 14.31200362, 3
48.30100819, 14.31073495, 26
48.30095567, 14.31208038, 6
48.30185362, 14.31215715, 7
48.29461743, 14.31288835, 1
48.29551539, 14.31296512, 24
48.29641335, 14.31304189, 45
48.29456489, 14.31423361, 16
48.29546284, 14.3143104, 112
48.2963608, 14.3143872, 33
48.29731131, 14.31311867, 86
48.29820926, 14.31319545, 12
48.29725876, 14.314464, 19
48.29815671, 14.3145408, 37
48.29451233, 14.31557887, 42
48.29541028, 14.31565568, 50
48.29630824, 14.3157325, 13
48.29910722, 14.31327223, 198
48.30000518, 14.31334902, 114
48.29905467, 14.31461761, 101
48.30090313, 14.31342581, 4
48.30180109, 14.3135026, 25
48.30085058, 14.31477123, 8
48.3029091, 14.30819748, 26
48.30380706, 14.30827419, 20
48.30285661, 14.30954297, 235
48.30375457, 14.3096197, 14
48.30470502, 14.3083509, 120
48.3028041, 14.31088845, 28
48.30370206, 14.3109652, 582
48.30275158, 14.31223392, 2
48.30364954, 14.3123107, 20
48.30460002, 14.31104196, 7
48.30454749, 14.31238748, 132
48.30650093, 14.30850432, 23
48.30739889, 14.30858104, 33
48.30829684, 14.30865777, 8
48.30644844, 14.3098499, 73
48.30734639, 14.30992665, 22
48.30903726, 14.31277143, 19
48.30269904, 14.3135794, 15
48.303597, 14.3136562, 13
48.30264649, 14.31492487, 18
48.30449495, 14.313733, 31
48.30433723, 14.31776955, 2
48.29879167, 14.32134446, 21
48.29937348, 14.32949366, 248
48.30328141, 14.32172914, 30
48.30412671, 14.32315159, 35
48.30407404, 14.32449709, 120
48.30597526, 14.32195999, 7
48.3068732, 14.32203694, 1
48.30866909, 14.32219087, 27
48.30682054, 14.32338252, 146
48.3094617, 14.32495913, 80
48.30761312, 14.3261507, 27
48.30756041, 14.32749629, 3
48.30851106, 14.32622773, 3
48.30930357, 14.32899605, 185
48.31099071, 14.30888795, 13
48.31278662, 14.30904143, 92
48.31368457, 14.30911817, 3
48.31273412, 14.31038717, 13
48.3126816, 14.31173292, 89
48.31262907, 14.31307865, 116
48.31458253, 14.30919492, 2
48.31548048, 14.30927167, 5
48.31542798, 14.31061748, 206
48.31637843, 14.30934842, 11
48.31727639, 14.30942518, 16
48.31817434, 14.30950194, 3
48.31632593, 14.31069426, 87
48.31722388, 14.31077104, 102
48.31907229, 14.3095787, 47
48.31315881, 14.32257574, 127
48.32715383, 14.31026973, 3
48.32710131, 14.31161586, 30
48.32805178, 14.31034653, 19
48.32894973, 14.31042333, 8
48.32984767, 14.31050014, 132
48.32799926, 14.31169268, 104
48.32979515, 14.31184634, 18
48.32704878, 14.31296198, 3
48.32794673, 14.31303883, 19
48.32974261, 14.31319253, 29
48.32969006, 14.31453872, 84
48.33074562, 14.31057695, 4
48.33164357, 14.31065376, 70
48.3306931, 14.31192317, 3
48.33159104, 14.31200001, 35
48.33254151, 14.31073058, 51
48.33343945, 14.3108074, 32
48.33248899, 14.31207685, 6
48.33338693, 14.31215369, 67
48.33064056, 14.31326939, 74
48.3315385, 14.31334625, 30
48.330588, 14.3146156, 281
48.33243644, 14.31342311, 14
48.33333439, 14.31349998, 93
48.33238389, 14.31476938, 118
48.33328183, 14.31484627, 97
48.32963749, 14.31588491, 220
48.32778902, 14.31707726, 65
48.32868696, 14.31715418, 1
48.3295849, 14.3172311, 50
48.32588792, 14.3196156, 39
48.3295323, 14.31857729, 117
48.32947968, 14.31992347, 93
48.32942704, 14.32126965, 140
48.33053543, 14.31596182, 40
48.33143337, 14.31603873, 90
48.33048284, 14.31730803, 41
48.33138078, 14.31738496, 17
48.33233131, 14.31611564, 20
48.33322925, 14.31619255, 133
48.33227872, 14.3174619, 2
48.33317666, 14.31753883, 12
48.33043024, 14.31865424, 229
48.33037762, 14.32000044, 17
48.33132818, 14.31873119, 49
48.33127555, 14.32007742, 194
48.33032498, 14.32134665, 44
48.33122291, 14.32142365, 31
48.33222611, 14.31880815, 12
48.33217349, 14.32015441, 23
48.33312405, 14.31888511, 40
48.33307143, 14.32023139, 51
48.33212085, 14.32150066, 181
48.33301879, 14.32157767, 76
48.3343374, 14.31088422, 34
48.33523534, 14.31096105, 171
48.33428487, 14.31223054, 118
48.33518281, 14.31230739, 117
48.33613329, 14.31103788, 131
48.33703123, 14.31111471, 187
48.33608076, 14.31238424, 11
48.33423233, 14.31357685, 27
48.33513027, 14.31365372, 3
48.33602821, 14.3137306, 34
48.33792917, 14.31119155, 57
48.33787664, 14.31253796, 5
48.33877458, 14.31261482, 48
48.33872203, 14.31396125, 44
48.3340746, 14.31761578, 19
48.33497254, 14.31769272, 62
48.33587048, 14.31776967, 4
48.33402199, 14.31896208, 67
48.33491993, 14.31903905, 46
48.3348673, 14.32038538, 37
48.33481466, 14.3217317, 98
48.33581786, 14.31911602, 154
48.33576524, 14.32046237, 269
48.33571259, 14.32180872, 1
48.33856429, 14.31800054, 49
48.33851167, 14.31934696, 50
48.33930433, 14.32211684, 146
48.32572997, 14.32365384, 161
48.32847645, 14.3225388, 47
48.32937439, 14.32261582, 4
48.32752585, 14.32380791, 177
48.32567729, 14.32499992, 71
48.32652253, 14.32642308, 13
48.32742046, 14.32650016, 148
48.33117026, 14.32276987, 1
48.33021965, 14.32403905, 45
48.33111759, 14.3241161, 45
48.3320682, 14.32284691, 165
48.33291346, 14.32427021, 76
48.32646981, 14.32776917, 14
48.32641708, 14.32911526, 3
48.32736775, 14.32784628, 12
48.32826568, 14.32792339, 125
48.32916361, 14.32800051, 119
48.32731502, 14.3291924, 155
48.32821295, 14.32926953, 19
48.32911088, 14.32934667, 8
48.32636434, 14.33046135, 238
48.32726227, 14.33053851, 221
48.3281602, 14.33061567, 50
48.32905813, 14.33069283, 191
48.3272095, 14.33188462, 19
48.32810743, 14.3319618, 89
48.32900536, 14.33203899, 103
48.32990329, 14.33211618, 128
48.33080122, 14.33219338, 88
48.33386406, 14.32300098, 135
48.334762, 14.32307802, 4
48.33381139, 14.32434727, 57
48.33470932, 14.32442434, 39
48.33465663, 14.32577065, 41
48.3374558, 14.32330916, 5
48.33835373, 14.32338622, 27
48.33925166, 14.32346328, 8
48.33740312, 14.32465555, 89
48.33904084, 14.32884901, 22
48.33898809, 14.33019543, 107
48.33993877, 14.32892616, 17
48.34083669, 14.32900332, 3
48.34078394, 14.3303498, 58
48.32715672, 14.33323073, 19
48.32805465, 14.33330794, 217
48.32895258, 14.33338515, 68
48.32889978, 14.3347313, 22
48.32884696, 14.33607745, 102
48.32514958, 14.33846054, 88
48.3260475, 14.33853784, 26
48.32699828, 14.33726904, 2
48.3278962, 14.33734632, 15
48.32879413, 14.3374236, 25
48.32694543, 14.33861514, 41
48.32784335, 14.33869244, 146
48.32874128, 14.33876975, 82
48.3298505, 14.33346236, 12
48.3297977, 14.33480854, 88
48.33074843, 14.33353958, 134
48.32974488, 14.33615471, 30
48.32969205, 14.33750089, 37
48.3296392, 14.33884706, 21
48.32689257, 14.33996123, 12
48.32779049, 14.34003856, 53
48.32868841, 14.34011589, 20
48.32683969, 14.34130733, 20
48.32773761, 14.34138468, 24
48.32583596, 14.34392211, 13
48.32678679, 14.34265342, 99
48.32768471, 14.34273079, 48
48.32858263, 14.34280817, 99
48.32673388, 14.34399951, 12
48.3276318, 14.3440769, 83
48.33344221, 14.33377125, 161
48.33434013, 14.33384849, 86
48.33613598, 14.33400296, 36
48.33608317, 14.3353493, 117
48.33513243, 14.33661836, 8
48.33877694, 14.33558111, 1
48.33782619, 14.33685023, 73
48.33317802, 14.34050259, 163
48.34036136, 14.3411215, 62
48.33941055, 14.34239055, 95
48.34030847, 14.34246795, 22
48.33935764, 14.34373698, 148
48.34025556, 14.3438144, 2
48.34020263, 14.34516085, 105
48.32578303, 14.34526817, 14
48.32668095, 14.34534559, 31
48.34014968, 14.34650729, 1
48.22827623, 14.35036232, 376
48.22822324, 14.35170579, 6
48.23007214, 14.35051688, 36
48.23551284, 14.34963699, 72
48.23730874, 14.34979156, 10
48.23540685, 14.35232431, 15
48.2363048, 14.35240164, 173
48.23720275, 14.35247897, 96
48.23625179, 14.35374531, 2
48.23345186, 14.35620046, 1
48.23070496, 14.35731182, 161
48.22975393, 14.35857792, 108
48.23065188, 14.35865535, 4
48.23334572, 14.35888765, 9
48.23440286, 14.35493423, 124
48.23434981, 14.35627786, 44
48.23429675, 14.35762148, 65
48.23424367, 14.3589651, 59
48.23419057, 14.36030871, 27
48.24137411, 14.36092857, 4
48.24227205, 14.36100606, 249
48.24501898, 14.35989468, 7
48.24406793, 14.36116107, 7
48.24496587, 14.36123858, 1
48.23413746, 14.36165233, 24
48.23487596, 14.36576071, 3
48.23582706, 14.36449463, 25
48.2357739, 14.36583828, 231
48.23667184, 14.36591585, 31
48.23857403, 14.36338356, 80
48.23762294, 14.36464973, 110
48.23852088, 14.36472728, 425
48.24221893, 14.36234989, 297
48.24311687, 14.36242742, 161
48.24306373, 14.36377126, 5
48.24401481, 14.36250494, 101
48.24491275, 14.36258248, 1
48.24396167, 14.36384882, 1
48.2448596, 14.36392637, 157
48.24301057, 14.36511511, 227
48.24205946, 14.36638136, 18
48.2429574, 14.36645895, 24
48.24390851, 14.36519269, 33
48.24480644, 14.36527026, 22
48.24385533, 14.36653655, 13
48.24475327, 14.36661416, 1
48.24110834, 14.36764756, 32
48.24105514, 14.36899135, 6
48.24100192, 14.37033513, 28
48.24005075, 14.37160124, 29
48.24094868, 14.37167892, 3
48.24200628, 14.36772517, 148
48.24290421, 14.36780279, 2
48.24195307, 14.36906899, 163
48.24285101, 14.36914663, 8
48.24380214, 14.36788042, 161
48.24470008, 14.36795804, 4
48.24374894, 14.36922428, 74
48.24464687, 14.36930193, 2
48.24189985, 14.3704128, 10
48.24279778, 14.37049047, 32
48.24184661, 14.37175661, 131
48.24274455, 14.3718343, 94
48.24369572, 14.37056814, 2
48.24459365, 14.37064581, 148
48.24364248, 14.37191199, 85
48.24454041, 14.37198969, 15
48.23524136, 14.37927467, 49
48.2399975, 14.37294499, 39
48.24089543, 14.3730227, 19
48.24084216, 14.37436648, 183
48.24179336, 14.37310041, 169
48.24269129, 14.37317813, 60
48.24174009, 14.37444422, 11
48.24263802, 14.37452196, 43
48.24258473, 14.37586578, 36
48.24358922, 14.37325585, 7
48.24448715, 14.37333357, 5
48.24353595, 14.3745997, 28
48.24348266, 14.37594355, 38
48.24253143, 14.3772096, 59
48.24342936, 14.37728739, 1
48.24337604, 14.37863124, 315
48.24427396, 14.37870905, 60
48.2433227, 14.37997508, 20
48.24422062, 14.38005292, 9
48.25167591, 14.35102863, 26
48.25257386, 14.35110597, 15
48.2534718, 14.35118332, 15
48.25162291, 14.35237271, 81
48.25252085, 14.35245008, 7
48.2534188, 14.35252745, 5
48.25156989, 14.35371679, 39
48.25246783, 14.35379419, 24
48.25151686, 14.35506087, 13
48.2524148, 14.35513829, 93
48.24586381, 14.36131609, 24
48.24765969, 14.36147112, 16
48.24855762, 14.36154865, 7
48.25056586, 14.35632751, 40
48.2505128, 14.35767156, 20
48.25146381, 14.35640495, 180
48.25236175, 14.35648239, 7
48.25141074, 14.35774902, 103
48.25230868, 14.35782649, 95
48.25320662, 14.35790396, 1
48.24956178, 14.35893813, 208
48.24950868, 14.36028215, 121
48.25045971, 14.35901561, 60
48.25040661, 14.36035966, 141
48.24945556, 14.36162617, 158
48.2503535, 14.3617037, 40
48.25135765, 14.3590931, 73
48.25225559, 14.35917059, 16
48.25130455, 14.36043717, 107
48.25220249, 14.36051468, 67
48.25315353, 14.35924808, 40
48.25310043, 14.36059219, 7
48.25125144, 14.36178123, 2
48.25214937, 14.36185877, 89
48.25304731, 14.36193631, 48
48.25701057, 14.35283698, 19
48.25695754, 14.35418121, 131
48.25600656, 14.35544799, 120
48.2569045, 14.35552543, 183
48.25790851, 14.35291437, 124
48.25785548, 14.35425862, 8
48.25875342, 14.35433604, 61
48.25780244, 14.35560287, 73
48.25870038, 14.35568031, 24
48.25965136, 14.35441346, 19
48.25959831, 14.35575775, 58
48.25505556, 14.35671474, 16
48.25500249, 14.3580589, 34
48.2559535, 14.35679219, 126
48.25685144, 14.35686965, 43
48.25590043, 14.35813638, 249
48.25679837, 14.35821387, 105
48.25405147, 14.35932557, 42
48.25399836, 14.36066971, 2
48.2549494, 14.35940307, 123
48.25394524, 14.36201385, 149
48.25484318, 14.3620914, 37
48.25584734, 14.35948057, 12
48.25674528, 14.35955808, 25
48.25669217, 14.36090229, 13
48.25663904, 14.3622465, 32
48.25774938, 14.35694711, 80
48.25864732, 14.35702458, 31
48.2576963, 14.35829135, 145
48.25859424, 14.35836884, 18
48.25954525, 14.35710205, 186
48.26044319, 14.35717952, 104
48.25949217, 14.35844633, 237
48.26039011, 14.35852383, 5
48.25764321, 14.35963559, 74
48.25854115, 14.3597131, 10
48.25848804, 14.36105736, 21
48.25753698, 14.36232406, 76
48.25843491, 14.36240162, 13
48.25943908, 14.35979062, 70
48.25938597, 14.3611349, 86
48.26033701, 14.35986814, 203
48.25933284, 14.36247918, 208
48.24581068, 14.36266001, 62
48.24670862, 14.36273755, 3
48.24575754, 14.36400393, 11
48.24665548, 14.36408149, 33
48.24760656, 14.36281509, 53
48.24850449, 14.36289264, 65
48.24755341, 14.36415906, 191
48.24845135, 14.36423663, 69
48.24660232, 14.36542543, 39
48.2456512, 14.36669176, 28
48.24654914, 14.36676937, 35
48.24750025, 14.36550302, 137
48.24839819, 14.36558062, 111
48.24744707, 14.36684699, 4
48.24834501, 14.3669246, 162
48.24940243, 14.36297019, 2
48.25030037, 14.36304774, 2
48.24934928, 14.3643142, 10
48.25024722, 14.36439178, 48
48.2511983, 14.3631253, 7
48.25209624, 14.36320286, 228
48.25299417, 14.36328042, 9
48.25114515, 14.36446936, 83
48.25204309, 14.36454694, 63
48.25294102, 14.36462453, 24
48.24929612, 14.36565821, 168
48.25019405, 14.36573581, 51
48.24924294, 14.36700222, 3
48.25014087, 14.36707985, 71
48.25109199, 14.36581342, 17
48.25198992, 14.36589103, 4
48.25288785, 14.36596864, 90
48.2510388, 14.36715747, 204
48.25193673, 14.36723511, 6
48.25283467, 14.36731274, 183
48.24559801, 14.36803567, 41
48.24649595, 14.36811331, 56
48.2455448, 14.36937958, 126
48.24644274, 14.36945724, 32
48.24739388, 14.36819094, 3
48.24829181, 14.36826859, 35
48.24734067, 14.3695349, 5
48.2482386, 14.36961257, 35
48.24638951, 14.37080117, 9
48.24633627, 14.3721451, 9
48.24728744, 14.37087885, 3
48.24818537, 14.37095654, 139
48.2472342, 14.37222281, 195
48.24813213, 14.37230052, 33
48.24918974, 14.36834623, 48
48.25008767, 14.36842388, 242
48.24913653, 14.36969023, 98
48.25003446, 14.36976791, 51
48.2509856, 14.36850153, 117
48.25188354, 14.36857918, 160
48.25278147, 14.36865684, 10
48.25093239, 14.36984558, 128
48.25183032, 14.36992326, 1
48.25272825, 14.37000094, 19
48.2490833, 14.37103423, 16
48.24998123, 14.37111193, 196
48.24903005, 14.37237823, 19
48.24992798, 14.37245595, 133
48.25087916, 14.37118963, 7
48.25177709, 14.37126733, 7
48.25267501, 14.37134504, 10
48.25082591, 14.37253368, 110
48.25172384, 14.3726114, 79
48.25262176, 14.37268913, 9
48.25389211, 14.36335799, 91
48.25479004, 14.36343556, 188
48.25383895, 14.36470212, 1
48.25473688, 14.36477971, 84
48.25568797, 14.36351313, 116
48.25653275, 14.36493491, 2
48.25378578, 14.36604625, 6
48.25468371, 14.36612387, 49
48.2537326, 14.36739038, 16
48.25552846, 14.36754567, 4
48.25642639, 14.36762331, 52
48.25748384, 14.36366829, 40
48.25838177, 14.36374587, 4
48.25737751, 14.36635674, 33
48.25732432, 14.36770097, 2
48.25822224, 14.36777862, 30
48.25362618, 14.37007863, 222
48.25547525, 14.36888984, 50
48.25357294, 14.37142275, 16
48.25727111, 14.36904519, 54
48.25816904, 14.36912287, 41
48.25906696, 14.36920055, 121
48.26134112, 14.35725699, 15
48.26128804, 14.35860133, 4
48.24538508, 14.37341129, 16
48.24628301, 14.37348902, 18
48.24718094, 14.37356675, 4
48.24807886, 14.37364449, 94
48.24712766, 14.3749107, 128
48.24802559, 14.37498846, 25
48.24797229, 14.37633243, 117
48.24517189, 14.37878687, 104
48.24791898, 14.37767639, 2
48.24786566, 14.37902035, 359
48.24987472, 14.37379997, 3
48.24887022, 14.37641021, 30
48.25077265, 14.37387772, 2
48.2525685, 14.37403322, 55
48.24881691, 14.3777542, 4
48.24971483, 14.37783202, 6
48.24876358, 14.37909819, 10
48.2496615, 14.37917603, 84
48.25325319, 14.37948741, 8
48.24822941, 14.39253791, 36
48.32440803, 14.35730498, 58
48.34383118, 14.27521847, 41
48.34737095, 14.27687004, 247
48.34811252, 14.28098643, 57
48.34446851, 14.28202778, 58
48.34351837, 14.28329803, 54
48.34346617, 14.28464462, 3
48.34711021, 14.28360348, 13
48.34985628, 14.28248585, 25
48.35434608, 14.28286766, 12
48.3433095, 14.28868436, 158
48.34325724, 14.29003093, 35
48.34315267, 14.29272407, 65
48.34405063, 14.2928006, 1
48.34500088, 14.29153051, 6
48.34589883, 14.29160701, 57
48.34494858, 14.29287712, 86
48.34584654, 14.29295365, 43
48.34679679, 14.29168352, 96
48.34769474, 14.29176004, 44
48.34674449, 14.29303019, 219
48.34764244, 14.29310673, 240
48.34859269, 14.29183655, 223
48.34949065, 14.29191307, 99
48.3503886, 14.2919896, 140
48.34310037, 14.29407064, 11
48.34399832, 14.29414719, 15
48.34304804, 14.29541721, 2
48.34394599, 14.29549378, 21
48.34489627, 14.29422374, 10
48.34579423, 14.29430029, 51
48.34484395, 14.29557035, 42
48.3429957, 14.29676377, 96
48.3438413, 14.29818695, 15
48.3456372, 14.29834019, 17
48.34669218, 14.29437685, 5
48.34759013, 14.29445341, 48
48.34663985, 14.29572351, 36
48.3475378, 14.2958001, 117
48.34848808, 14.29452998, 52
48.35028398, 14.29468312, 60
48.34748546, 14.29714678, 150
48.34653514, 14.29841682, 19
48.34838341, 14.29722339, 1
48.35493065, 14.29102539, 137
48.3519752, 14.29752987, 3
48.34289097, 14.29945688, 30
48.34283858, 14.30080344, 12
48.34373653, 14.3008801, 1
48.34273375, 14.30349654, 4
48.34722348, 14.30388015, 19
48.34901937, 14.30403361, 30
48.34257639, 14.30753617, 229
48.34347433, 14.30761296, 17
48.34336934, 14.31030608, 12
48.35361394, 14.30172367, 103
48.35356152, 14.30307051, 99
48.3515558, 14.30830419, 185
48.3515033, 14.30965097, 24
48.36216653, 14.29029057, 11
48.36480809, 14.2918673, 121
48.36570604, 14.29194386, 17
48.36929782, 14.29225013, 29
48.37024806, 14.29097942, 32
48.371146, 14.29105597, 4
48.37109371, 14.29240329, 202
48.37473778, 14.29136223, 165
48.37563572, 14.2914388, 6
48.37743161, 14.29159196, 14
48.37827725, 14.29301605, 10
48.34326428, 14.31299919, 2
48.3467509, 14.31600005, 27
48.3439519, 14.31846237, 93
48.34300134, 14.31973193, 36
48.34379399, 14.32250206, 87
48.34580037, 14.31726972, 19
48.35050032, 14.31226762, 4
48.35044777, 14.31361437, 154
48.35483229, 14.31669269, 20
48.34184007, 14.32638749, 175
48.34817827, 14.32558073, 4
48.34173462, 14.32908049, 29
48.34252703, 14.3318507, 24
48.34247424, 14.33319721, 7
48.34337217, 14.33327446, 5
48.34886526, 14.33104462, 34
48.34992141, 14.32708169, 39
48.34331936, 14.334621, 4
48.343108, 14.34000712, 90
48.34400591, 14.34008449, 11
48.34120638, 14.34254535, 89
48.34115347, 14.34389183, 70
48.34110054, 14.3452383, 93
48.34199845, 14.34531575, 4